"author","gender"
"Aaron Pacitti","Male"
"Abdullah Yavas","Male"
"Abdur Chowdhury","Male"
"Abena Oduro","Female"
"Abhijit V. Banerjee","Male"
"Adam Cook","Male"
"Adam Zawadowski","Male"
"Adam Clemens","Male"
"Adam Ray","Male"
"Adam M. Rosen","Male"
"Adam Sieminski","Male"
"Adam McCloskey","Male"
"Adeleke Salami","Male"
"Adnan Qadir","Male"
"Adrienne M. Lucas","Female"
"Ajay Patel","Male"
"Akwasi Nti-Addae","Male"
"Al Campbell","Male"
"Alain Chateauneuf","Male"
"Alan Spearot","Male"
"Alan C. Monheit","Male"
"Albert Park","Male"
"Albert Mafusire","Male"
"Albert (Pete) Kyle","Male"
"Albert Banal-Estanol","Male"
"Alberto J. Lamadrid","Male"
"Alejandro Zentner","Male"
"Alejandro Castaneda","Male"
"Alejandro Nin Pratt","Male"
"Alex Brown","?"
"Alexander Field","Male"
"Alexander Kempf","Male"
"Alexander W. Cappele","Male"
"Alexander Schulz","Male"
"Alexander Hijzen","Male"
"Alexander Moradi","Male"
"Alexander W. Richter","Male"
"Alexander Rodnyanski","Male"
"Alexander Popov","Male"
"Alexandra Niessen-Ruenzi","Female"
"Alexandra van Geen","Female"
"Alexandre Belloni","Male"
"Alexandre Frenette","Male"
"Alexandros Vardoulakis","Male"
"Alexei Zhdanov","?"
"Alfonso Flores-Lagunes","Male"
"Algernon Austin","?"
"Ali Tarhan","?"
"Ali K. Ozdagli","?"
"Ali M. Kutan","?"
"Alice Bonaime","Female"
"Alice Kassens","Female"
"Alice Hsiaw","Female"
"Alicia Robb","Female"
"Alicia Giron","Female"
"Alison Earle","Female"
"Alistair Milne","Male"
"Allan Zebedee","Male"
"Allan H. Meltzer","Male"
"Allen Blackman","Male"
"Allen N. Berger","Male"
"Allison Elias","Female"
"Alvaro Sandroni","Male"
"Amanda Weirup","Female"
"Amanda Griffith","Female"
"Amanda Ross","Female"
"Amar Bhattacharya","?"
"Amar Gande","?"
"Amine Tarazi","Male"
"Amit Kumar Gandhi","Male"
"Amit Ghosh","Male"
"Amnon Rapoport","Male"
"Amy Humphris","Female"
"Amy Cutts","Female"
"Ana Santiago","Female"
"Ana Vaz","Female"
"Ana Nuevo-Chiquero","Female"
"Ana Espínola-Arredondo","Female"
"Ana Maria Herrera","Female"
"Ana Babus","Female"
"Anabela Botelho","Female"
"Anand Swamy","Male"
"Anastasios G. Karantounias","Male"
"Anders Akerman","Male"
"Andre A. Pekerti","Male"
"Andrea Schaefer","?"
"Andrea Fracasso","?"
"Andrea Carnelli","?"
"Andrea Park Chung","?"
"Andrea Tesei","?"
"Andreas Madestam","Male"
"Andreas Kontoleon","Male"
"Andreas Schrimpf","Male"
"Andreas Richter","Male"
"Andreas Kropf","Male"
"Andrei Markevich","Male"
"Andrew Hanks","Male"
"Andrew Winton","Male"
"Andrew T. Young","Male"
"Andrew Carter","Male"
"Andrew J. Filardo","Male"
"Andrew Call","Male"
"Andrew Chesher","Male"
"Andrew Dabalen","Male"
"Andrew A. Beveridge","Male"
"Andriy Norets","Male"
"Andy Wolfe","Male"
"Andy Yuengert","Male"
"Andy Naranjo","Male"
"Angela de Oliveira","Female"
"Angela Dills","Female"
"Angus S. Deaton","Male"
"Anh Tran","?"
"Anil Verma","Male"
"Anja Shortland","Female"
"Ankur J. Patel","Male"
"Ankur Pareek","Male"
"Ann Mari May","Female"
"Ann Davis","Female"
"Anna Obizhaeva","Female"
"Anne Case","Female"
"Anne Mayhew","Female"
"Anne Ong Lopez","Female"
"Anne-Sophie Crépin","Female"
"Anson Ho","Male"
"Anthony T. LoSasso","Male"
"Anthony Sanders","Male"
"Anthony Pennington-Cross","Male"
"Anthony Rafferty","Male"
"Anthony Murphy","Male"
"Antje Kroegery","Female"
"Antonio Mello","Male"
"Anu Rangarajan","?"
"Anup Agrawal","Male"
"Anwar Shah","Male"
"Aparna Mathur","Female"
"April Knill","Female"
"Ari Kang","?"
"Arianna Zanolini","Female"
"Ariel Belasen","?"
"Ariel Dinar","?"
"Ariel Zetlin Jones","?"
"Arindam Mandal","Male"
"Armando Rungi","Male"
"Arnaud Jerome Mehl","Male"
"Arthur Stone","Male"
"Arthur Lewbel","Male"
"Arthur Goldsmith","Male"
"Arun Gautham Chandrasekhar","Male"
"Ashok Bardhan","Male"
"Asim Khwaja","Male"
"Assaf Eisdorfer","Male"
"Audra L. Boone","Female"
"Augustin Kwasi FOSU","Male"
"Aurelie Charles","Female"
"Avner Greif","Male"
"Avraham Kamara","Male"
"Avraham Izhar Baranes","Male"
"Balazs Egert","Male"
"Barbara Wiens-Tuers","Female"
"Barbara Ostdiek","Female"
"Barbara Moore","Female"
"Barry Hirsch","Male"
"Barry Bluestone","Male"
"Bart van Ark","Male"
"Bart van der Grient","Male"
"Baruch College and Macrofin Analytics","Male"
"Beatriz de Blas","Female"
"Bei Qin","?"
"Ben Qin","Male"
"Ben Tomlin","Male"
"Ben Keys","Male"
"Bengt Kriström","Male"
"Benjamin Scafidi","Male"
"Benjamin Lockwood","Male"
"Benjamin L. Castleman","Male"
"Benjamin Golub","Male"
"Bennie Waller","?"
"Benoit Freyens","Male"
"Bent E. Sorensen","?"
"Berta Esteve-Volart","?"
"Beth Anne Wilson","Female"
"Bianca Bonente","Female"
"Bill Dickens","Male"
"Bill Ivey","Male"
"Bill B. Francis","Male"
"Bin Wei","?"
"Bing Zhu","?"
"Bjoern Hilberg","Male"
"Blessing Uchenna Mberu","?"
"Bob Krueger","Male"
"Bora Durdu","?"
"Boris Hirsch","Male"
"Boris Higgins","Male"
"Boris Vabson","Male"
"Bradley T. Heim","Male"
"Bram Thuysbaert","Male"
"Brenda Peyser","Female"
"Brent Evans","Male"
"Brent Hickman","Male"
"Bret Anderson","Male"
"Brian Rosenlund","Male"
"Brian Murray","Male"
"Brian Clark","Male"
"Brian Cadena","Male"
"Brian McCall","Male"
"Briana Sullivan","Female"
"Brianna Cardiff","Female"
"Bridget Terry Long","Female"
"Bruce Babcock","Male"
"Bruce K. Johnson","Male"
"Bruce E. Kaufman","Male"
"Bruno Feunou","Male"
"Bruno Gandlgruber","Male"
"Bryan Johnson","Male"
"Bryan W. Roberts","Male"
"Burhan Can Karahasan","Male"
"Cameron M. Kaplan","?"
"Camila F.S. Campos","Female"
"Campbell Leith","?"
"Campbell Harvey","?"
"Candace Howes","Female"
"Carles Vergara-Alert","?"
"Carlo Cristiano","Male"
"Carlo Altomonte","Male"
"Carlo Martini","Male"
"Carlo D'Ippoliti","Male"
"Carlos Flores","Male"
"Carlos Murillo","Male"
"Carlos Augusto Rojas","Male"
"Carlos Daniel R.A. Santos","Male"
"Carlos J. Asarta","Male"
"Carol A. Jones","Female"
"Carolina Castilla","Female"
"Caroline M. Hoxby","Female"
"Caroline Roulet","Female"
"Caroline Schill","Female"
"Carolyn Gideon","Female"
"Carolyn Heinrich","Female"
"Carrie Colla","Female"
"Casey Goodfriend Rothschild","?"
"Casey Boyd-Swan","?"
"Casper G. de Vries","?"
"Catalina Amuedo-Dorantes","Female"
"Catherine Eckel","Female"
"Catherine Emmanuelle","Female"
"Catherine Y. Co","Female"
"Catherine Isabelle Fuss","Female"
"Cathy J. Bradley","Female"
"Celine Azemar","Female"
"Chandra Kiran Krishnamurthy","?"
"Chang Kim","?"
"Charlene Kalenkoski","Female"
"Charles Trzcinka","Male"
"Charles M.A. Clark","Male"
"Charles Zhoucheng Zheng","Male"
"Chen Yao","?"
"Chen Xue","?"
"Chiara Piovani","Female"
"Chiara Gratton-Lavoie","Female"
"Chloe Gibbs","Female"
"Chris Tonetti","Male"
"Chris Dawes","Male"
"Chris Martin","Male"
"Chris Tamborini","Male"
"Chris Roush","Male"
"Chris Cotton","Male"
"Chris Kirby","Male"
"Christiaan Hogendorn","Male"
"Christian Wolff","Male"
"Christian Hellwig","Male"
"Christian Rauch","Male"
"Christian Dreger","Male"
"Christian E. Weller","Male"
"Christina D. Romer","Female"
"Christina Marsh","Female"
"Christine Richmond","Female"
"Christoph Schneider","Male"
"Christoph Merkle","Male"
"Christoph Schröder","Male"
"Christophe Chamley","Male"
"Christophe Spaenjers","Male"
"Christopher Telmer","Male"
"Christopher Boone","Male"
"Christopher S. Fowler","Male"
"Christopher Brown","Male"
"Christopher M. Woodruff","Male"
"Christopher Goetz","Male"
"Christopher Ruhm","Male"
"Christopher Clark","Male"
"Christopher F. Chabris","Male"
"Christopher M. Herbst","Male"
"Christopher B. Barrett","Male"
"Christopher Smith","Male"
"Christopher Gunn","Male"
"Chun Martin Qiu","?"
"Claire Lebarz","Female"
"Claude Diebolt","?"
"Claudia M. Buch","Female"
"Claudia Senik","Female"
"Cletus C. Coughlin","Male"
"Colin Camerer","Male"
"Colleen Chrisinger","Female"
"Conner Mullally","?"
"Conny Olovsson","Female"
"Constant Tra","Male"
"Constantine Kontokosta","Male"
"Constantine Lyubimov","Male"
"Corrado Giulietti","Male"
"Cory Koedel","?"
"Costanza Meneghetti","Female"
"Craig Eschuk","Male"
"Craig McIntosh","Male"
"Craig Gundersen","Male"
"Cristian Dezso","Male"
"Cristina DeNardi","Female"
"Cynthia Kroll","Female"
"Cynthia Bansak","Female"
"Cyrus Bina","Male"
"Dalia Marin","Female"
"Dalibor Stevanovic","Male"
"Damian Grimshaw","Male"
"Dan Bennett","Male"
"Dan Lu","Male"
"Dan Lovallo","Male"
"Dan Christian Wunderli","Male"
"Dan A. Black","Male"
"Dana Rotz","?"
"Dana P. Goldman","?"
"Dana M. Muir","?"
"Daniel A. Dias","Male"
"Daniel E. Keniston","Male"
"Daniel S. Hamermesh","Male"
"Daniel Saros","Male"
"Daniel Bogart","Male"
"Daniel Smith","Male"
"Daniel Baurer","Male"
"Daniel Houser","Male"
"Daniel Patrick Murphy","Male"
"Daniel MacDonald","Male"
"Daniel Piccinin","Male"
"Daniel Leigh","Male"
"Daniel Coublucq","Male"
"Daniel Munoz","Male"
"Daniel Cohen","Male"
"Daniel Fetter","Male"
"Daniel B. Cornfield","Male"
"Daniel Santabarbara","Male"
"Daniel Kaufmann","Male"
"Daniel Karney","Male"
"Daniela Miteva","Female"
"Danielle Bäck","Female"
"Danilo Trupkin","Male"
"Danny McGowan","Male"
"Daphne Greenwood","Female"
"Dara N. Lee","?"
"Darius Miller","Male"
"Darrick Hamilton","Male"
"David Gabel","Male"
"David Cayla","Male"
"David A. Lopez","Male"
"David Kauper","Male"
"David L. Carr","Male"
"David Ross","Male"
"David L. Hummels","Male"
"David Mauer","Male"
"David B. Rosenblum","Male"
"David Ling","Male"
"David Macpherson","Male"
"David Mericle","Male"
"David Rosenbaum","Male"
"David Clark","Male"
"David Stromberg","Male"
"David Rothschild","Male"
"David A. Zalewski","Male"
"David Fairris","Male"
"David Warsh","Male"
"David H. Reiley","Male"
"David Hollywood","Male"
"David de la Croix","Male"
"David Schap","Male"
"David Chambers","Male"
"David Colander","Male"
"David Kotz","Male"
"David Zilberman","Male"
"David H. Romer","Male"
"David Anthoff","Male"
"David Frankel","Male"
"David Lewin","Male"
"David M. Kling","Male"
"David Barkin","Male"
"David Hirshleifer","Male"
"David I. Auerbach","Male"
"David Yanagizawa-Drott","Male"
"David S. Johnson","Male"
"David H. Autor","Male"
"David A. Hennessy","Male"
"Davide Furceri","Male"
"Dean Jolliffe","Male"
"Dean Spears","Male"
"Deb Figart","Female"
"Deborah Swenson","Female"
"Deborah M. Figart","Female"
"Deepak Rajagopal","Male"
"Denise Stanley","Female"
"Dennis Yang","Male"
"Derek Byerlee","Male"
"Derek Delia","Male"
"Desmond Tsang","Male"
"Desmond (Ho-Fu) Lo","Male"
"Devin Reilly","?"
"Dhaval M. Dave","Male"
"Di Li","?"
"Di Pei","?"
"Diego Gambetta","Male"
"Diego Sasson","Male"
"Diego Saravia","Male"
"Dilip K. Patro","Male"
"Dimitrios Tsomocos","Male"
"Dinara Bayazitova","Female"
"Ding Sai","?"
"Diogo L. Pinheiro","Male"
"Dirk Foremny","Male"
"Dmitriy Muravyev","Male"
"Dominick Salvatore","Male"
"Dominique Anxo","?"
"Dominique Gillaume","?"
"Dominique Plihon","?"
"Don Ross","Male"
"Donald Haurin","Male"
"Donald Keenan","Male"
"Donald W.K. Andrews","Male"
"Donald Robertson","Male"
"Dora Simroth","Female"
"Doron Avramov","Male"
"Doru Cojoc","Male"
"Dotan Persitz","Male"
"Doug Jones","Male"
"Douglas G. Steigerwald","Male"
"Duncan Foley","Male"
"Dylan Minor","?"
"Ed Hopkins","Male"
"Ed Gamber","Male"
"Edith Liu","Female"
"Edith Kuiper","Female"
"Edith Brashares","Female"
"Eduardo Saucedo","Male"
"Eduardo Azevedo","Male"
"Edward Nathan Wolff","Male"
"Edward Timmons","Male"
"Edward Green","Male"
"Edward Van Wesep","Male"
"Edward Coulson","Male"
"Einar Bakke","Male"
"Elaine McCrate","Female"
"Elena Loutskina","Female"
"Elena Nikolova","Female"
"Elias Albagli","Male"
"Elias L. Khalil","Male"
"Eliezer Fich","Male"
"Elijah Brewer","Male"
"Elinor Ostrom","Female"
"Elissa Braunstein","Female"
"Elizabeth Long Lingo","Female"
"Elizabeth Tashjian","Female"
"Elizabeth Nisbet","Female"
"Elizabeth Asiedu","Female"
"Elizabeth Shapiro","Female"
"Elke Holst","Female"
"Elke Jutta Jahn","Female"
"Ellen R. McGrattan","Female"
"Ellen P. Green","Female"
"Ellen Mutari","Female"
"Elroy Dimson","Male"
"Emanuel Vespa","Male"
"Emilia Garcia-Appendini","Female"
"Emilia Tjernstrom","Female"
"Emilio Gutierrez","Male"
"Emily Wiemers","Female"
"Enrica Croda","Female"
"Enrique Lopez Bazo","Male"
"Enrique Lopez Lira","Male"
"Erdal Tekin","Male"
"Eric Tymoigne","Male"
"Eric Glen Weyl","Male"
"Eric B. Rasmusen","Male"
"Eric Arentsen","Male"
"Eric Fesselmeyer","Male"
"Eric Posner","Male"
"Eric Van Buren","Male"
"Eric Michel Renault","Male"
"Erik O. Sorensen","Male"
"Erik Schokkaert","Male"
"Erik K. Olsen","Male"
"Erika McEntarfer","Female"
"Erin Godtland","Female"
"Erkan Yonder","Male"
"Ernst Maug","Male"
"Erwin Bulte","Male"
"Esther Jeffers","Female"
"Eugenia Chernina","Female"
"Eugenio Severin","Male"
"Eugenio M. Cerutti","Male"
"Eunice Han","Female"
"Eva Arceo","Female"
"Eva de Francisco","Female"
"Eva Marikova Leeds","Female"
"Evgenia Zhivotova","Female"
"Evgeny Finkel","Male"
"Eyob Fissuh","Male"
"Fabio Braggion","Male"
"Fabio Maccheroni","Male"
"Fabio Verona","Male"
"Fabrice Murtin","Male"
"Fabrizio Botti","Male"
"Federico Gavazzoni","Male"
"Fei Li","?"
"Felipe Serrano","Male"
"Felipe Rezende","Male"
"Felix Freudenberg","Male"
"Felix Rioja","Male"
"Felix North","Male"
"Feng Zhao","?"
"Ferhat Akbas","Male"
"Fernanda Leite Lopez de Leon","Female"
"Fernando Correa Prado","Male"
"Fidan Ana Kurtulus","?"
"Fidel Perez-Sebastian","Male"
"Filippo Cesarano","Male"
"Filippo Di Mauro","Male"
"Flavio de Andrade","Male"
"Florian Ploeckl","Male"
"Florian Schuett","Male"
"Forhad Shilpi","Male"
"Fouad Moumen","Male"
"Frances Cossar","Female"
"Francesca de Nicola","Female"
"Francesca Bettio","Female"
"Francesca Pancotto","Female"
"Francesca Molinari","Female"
"Francesco Galassi","Male"
"Francine D. Blau","Female"
"Francis Mulangu","?"
"Francisco Alvarez-Cuadrado","Male"
"Francisco Rodriguez-Fernandez","Male"
"Francisco Ruiz-Aliseda","Male"
"Frank Song","Male"
"Frannie A. Léautier","Female"
"Frederic Lee","Male"
"Frederica Romei","Female"
"Frederick Eggers","Male"
"Fredrick Guy","Male"
"Full Yet Eric Lam","?"
"Gabor Pula","Male"
"Gabriela Farfan","Female"
"Gabriela Aparicio","Female"
"Gabriele Gratton","?"
"Gabriella Alberti","Female"
"Gail Hoyt","Female"
"Gail Blattenberger","Female"
"Gal Hochman","?"
"Gani Aldashev","Male"
"Gary D. Hansen","Male"
"Gary A. Dymski","Male"
"Gary Walton","Male"
"Gary D. Painter","Male"
"Gary Skoog","Male"
"Gary Anderson","Male"
"Gary Charness","Male"
"Gauri Bhat","Female"
"Gayle Reznik","Female"
"Geert Rouwenhorst","Male"
"Geert Ridder","Male"
"Genevieve M. Kenney","Female"
"Geoff Barrows","Male"
"Geoffrey Turnbull","Male"
"Geoffrey Gee","Male"
"George Loewenstein","Male"
"Georgios Chortareas","Male"
"Gerald McCullough","Male"
"Gerald O'Driscoll","Male"
"Gerard van den Berg","Male"
"Gerhard Bosch","Male"
"German Blanco","Male"
"Ghazala Mansuri","Female"
"Ghazi A. Joharji","Male"
"Giacomo Valletta","Male"
"Giacomo Rondina","Male"
"Gianmarco Leon","Male"
"Gianni Betti","?"
"Gigi Foster","Female"
"Giorgio Zanarone","Male"
"Giorgio d’Agostino","Male"
"Giulio Zanella","Male"
"Giuseppe Fontana","Male"
"Gizem Kosar","Female"
"Glen Atkinson","Male"
"Glenn Harrison","Male"
"Gordon B. Dahl","Male"
"Graciela Teruel","Female"
"Greg Fischer","Male"
"Greg Asner","Male"
"Gregory Kadlec","Male"
"Gregory Udell","Male"
"Gregory P. Nini","Male"
"Guido Matias Cortes","Male"
"Guido G. Porto","Male"
"Guido Baltussen","Male"
"Guillaume F. Roger","Male"
"Guillaume Frechette","Male"
"Guillermo Vuletin","Male"
"Gustavo Vargas","Male"
"Hae Won Jung","?"
"Haider Kahn","Male"
"Hakan Yilmazkuday","Male"
"Hal R. Varian","Male"
"Hamid Sabourian","Male"
"Han Chen","?"
"Hannes Huett","Male"
"Hans Gersbachy","Male"
"Hans Degryse","Male"
"Hans Aasnes Holter","Male"
"Harald Hadinger","Male"
"Hardy Hanappi","Male"
"Hari Nagarajan","Male"
"Harini Parthasarathy","Female"
"Harold H. Zhang","Male"
"Harold J. McArthur","Male"
"Harry Paarsch","Male"
"Harry J. Holzer","Male"
"Hatem Samman","Male"
"Heather Antecol","Female"
"Heather Tookes","Female"
"Heidi Hartmann","Female"
"Heidi Shierholz","Female"
"Helen Neill","Female"
"Helena Marques","Female"
"Hema Swaminathan","?"
"Hendrik Schmitz","Male"
"Henri Buchsteiner","Male"
"Henry Munneke","Male"
"Hiroaki Kaido","Male"
"Hiroyuki Kasahara","Male"
"Hiroyuki Takeshima","Male"
"Hisham Foad","Male"
"Holger Strulik","Male"
"Homa Zarghamee","Female"
"Horacio Sapriza","Male"
"Howard Wial","Male"
"Howard Iams","Male"
"Howard J. Sherman","Male"
"Humberto Moreira","Male"
"Huseyin Yildirim","Male"
"Hyun Seung Na","?"
"Hyun Woong Park","?"
"Ian W.H. Parry","Male"
"Ian Sakinofsky","Male"
"Ian Sue Wing","Male"
"Ignacio Ortuno-Ortín","Male"
"Ilene Grabel","Female"
"Ilona Babenko","Female"
"Inna Cintina","Female"
"Ioana Moldovan","Female"
"Ira N. Gang","?"
"Ira Shoulson","?"
"Irena Grosfeld","Female"
"Irene Ibarra","Female"
"Irene van Staveren","Female"
"Irina A. Telyukova","Female"
"Irina Barakova","Female"
"Iris Bohnet","Female"
"Isaac Kanyama","Male"
"Isaac McFarlin","Male"
"Isabel Ruiz","Female"
"Isabelle Distinguin","Female"
"Isabelle Perrigne","Female"
"Issa Faye","?"
"Iulian Obreja","Male"
"Jacob K. Goeree","Male"
"Jacob LaRiviere","Male"
"Jacopo Baggio","Male"
"Jacqueline Agesa","Female"
"Jaideep Shenoy","Male"
"Jaideep Gupte","Male"
"Jake Rosenfeld","Male"
"Jake Mortenson","Male"
"Jakob Svensson","Male"
"Jakob B. Madsen","Male"
"Jamee Moudud","Female"
"James W. Berry","Male"
"James Fenske","Male"
"James Devine","Male"
"James Walker","Male"
"James Peach","Male"
"James Kau","Male"
"James N. Sanchirico","Male"
"James Ciecka","Male"
"James Cox","Male"
"James Stevenson","Male"
"James Lambrinos","Male"
"James Gillen","Male"
"James Andreoni","Male"
"James Carson","Male"
"James Kai-sing Kung","Male"
"James Manyika","Male"
"James Cypher","Male"
"James R. Barth","Male"
"James Shilling","Male"
"James Ronald Stanfield","Male"
"Jan Ondrich","?"
"Jan Svejnar","?"
"Jane Waldfogel","Female"
"Jane Karonga","Female"
"Jane Lopus","Female"
"Jane Holgate","Female"
"Janet Spitz","Female"
"Janice Compton","Female"
"Janice Hauge","Female"
"Janice Peterson","Female"
"Janine Empen","Female"
"Jared Rubin","Male"
"Jaren Pope","?"
"Jarrad Harford","Male"
"Jason Snyder","Male"
"Jason DeBacker","Male"
"Jason Hockenberry","Male"
"Jason Todd Abaluck","Male"
"Jason Taylor","Male"
"Jason Grissom","Male"
"Jason Sturgess","Male"
"Javier Santiago Ortiz Correa","Male"
"Jay Sa-Aadu","Male"
"Jean Kimmel","?"
"Jean Young","?"
"Jean Pierre Tranchant","?"
"Jean M. Abraham","?"
"Jean Marc Bonnisseau","?"
"Jean-Claude Trichet","Male"
"Jean-Paul Azam","Male"
"Jean-Yves Pitarakis","Male"
"Jeannette Wicks-Lim","Female"
"Jed Friedman","Male"
"Jeff Larrimore","Male"
"Jefferson Duarte","Male"
"Jeffrey Zax","Male"
"Jeffrey H. Keefe","Male"
"Jeffrey Weinstein","Male"
"Jeffrey Ely","Male"
"Jeffrey Hayes","Male"
"Jeffrey P. Cohen","Male"
"Jeffrey Wenger","Male"
"Jeffrey Coles","Male"
"Jeffrey Thompson","Male"
"Jeffrey A. Livingston","Male"
"Jeffrey DeSimone","Male"
"Jennifer Alix-Garcia","Female"
"Jennifer Polhemus","Female"
"Jennifer Gregory","Female"
"Jennifer Graves","Female"
"Jennifer Cohen","Female"
"Jennifer L. Jennings","Female"
"Jennifer Green","Female"
"Jens Prüfer","Male"
"Jens Hilscher","Male"
"Jens Eisenschmidt","Male"
"Jeremy Magruder","Male"
"Jeremy Blair Smith","Male"
"Jeremy Nailwaik","Male"
"Jeremy Graveline","Male"
"Jeremy T. Fox","Male"
"Jeremy L. Sage","Male"
"Jerold Warner","Male"
"Jessamyn Schaller","Female"
"Jesse Margolis","?"
"Jesse Perla","?"
"Jessie Zhenjie Qian","?"
"Jia Yan","?"
"Jian Wang","?"
"Jian Cai","?"
"Jiang Yang","?"
"Jiang Cheng","?"
"Jie Zhang","?"
"Jie Li","?"
"Jihad Dagher","Male"
"Jill Rubery","Female"
"Jill McCluskey","Female"
"Jim Siodla","Male"
"Jim Sweeney","Male"
"Jimmy Ran","Male"
"Jin Yang","?"
"Jing Wu","?"
"Joachim Zietz","Male"
"Joanne Lee","Female"
"Joel C. Cantor","Male"
"Joel Tarr","Male"
"Joel Melendez","Male"
"Joerg Bibow","Male"
"Joh Roberts","?"
"John J. Siegfried","Male"
"John Maheu","Male"
"John S. Earle","Male"
"John Kagel","Male"
"John Giles","Male"
"John Bennett","Male"
"John D. Wolken","Male"
"John Hall","Male"
"John Iceland","Male"
"John Mayo","Male"
"John Silvia","Male"
"John McConnell","Male"
"John K. Wald","Male"
"John Winters","Male"
"John Weicher","Male"
"John Kane","Male"
"John Lazarev","Male"
"John Matsusaka","Male"
"John J. Perry","Male"
"John Brock","Male"
"John Morrow","Male"
"John Chaisson","Male"
"John Ifcher","Male"
"John Hatfield","Male"
"John Glascock","Male"
"John Hauser","Male"
"John Strauss","Male"
"John Anyanwu","Male"
"John McLaren","Male"
"John P. Bonin","Male"
"John Maluccio","Male"
"John Muellbauer","Male"
"John Cotter","Male"
"John Clapp","Male"
"John V. Duca","Male"
"John R. Swinton","Male"
"Johnathan M. Parman","Male"
"Johnny Kang","Male"
"Jon H. Fiva","Male"
"Jonas Vlachos","Male"
"Jonathan Wittmer","Male"
"Jonathan Fisher","Male"
"Jonathan Cohn","Male"
"Jonathan Lee","Male"
"Jonathan A. Schwabish","Male"
"Jonathan Goldstein","Male"
"Jonathan Bauchet","Male"
"Jonathan Pritchett","Male"
"Jonathan Morduch","Male"
"Jonathan Berk","Male"
"Jonathan Brogaard","Male"
"Jongwon Woo","Male"
"Jordan Melmiès","?"
"Jordan Matsudaira","?"
"Jordi Vidal-Robert","?"
"Josef Hollmayr","Male"
"Joseph Nichols","Male"
"Joseph J. Sabia","Male"
"Joseph E. Stiglitz","Male"
"Joseph Williams","Male"
"Joseph Song","Male"
"Joshua K. Abbott","Male"
"Joshua Teitelbaum","Male"
"Joyce J. Chen","Female"
"Juan Luo","Male"
"Juan Matias Ortner","Male"
"Juan David Robalino","Male"
"Juan Santarcángelo","Male"
"Judith Scott-Clayton","Female"
"Juha Siikamaki","Male"
"Jules van Binsbergen","?"
"Julian Romero","Male"
"Julian Reiss","Male"
"Julian Cristia","Male"
"Juliana Y. Sun","Female"
"Julie H. Topoleski","Female"
"Julie Nelson","Female"
"Julie Riise Kolstad","Female"
"Julie Wu","Female"
"Juliet Elu","Female"
"Jun Hyung Yu","?"
"Jun Zhu","?"
"Jun Yu","?"
"Justin Syndor","Male"
"Justin M. Rao","Male"
"Justin Yifu Lin","Male"
"Jutta Günther","Female"
"Kai Hueschelrath","?"
"Kaoru Kanai","Female"
"Karen Macours","Female"
"Karim Chalak","Male"
"Karin Thorburn","Female"
"Karina Veliz Roja","Female"
"Karine Torosyan","Female"
"Karl David Boulware","Male"
"Karla J. Diaz Hadzisadikovic","Female"
"Karol Gil","?"
"Kate Warton","Female"
"Kate Bahn","Female"
"Katerina Christoploulou","Female"
"Katharine Sims","Female"
"Katherine Carman","Female"
"Kathleen McGarry","Female"
"Kathleen Segerson","Female"
"Kathleen Short","Female"
"Kathryn Birkeland","Female"
"Kathryn Dominguez","Female"
"Katja Neugebauer","Female"
"Katrin Rehdanz","Female"
"Katrine V. Løken","Female"
"Katsiaryna Bardos","Female"
"Katsumi Shimotsu","?"
"Kaushik Chaudhuri","Male"
"Kazi Abdur Rouf","?"
"Kazi Matin Ahmed","?"
"Kazim Kazimov","Male"
"Keith Fuglie","Male"
"Keith E. Maskus","Male"
"Ken Rebeck","Male"
"Kenneth Button","Male"
"Kenneth R. Ahern","Male"
"Kenneth Fortson","Male"
"Kenneth Couch","Male"
"Kent Zhao","Male"
"Kerry Vandell","?"
"Kevin W. Capehart","Male"
"Kevin B. Moore","Male"
"Kevin Stange","Male"
"Kevin J. Lansing","Male"
"Kevin J. Boyle","Male"
"Kien Le","Male"
"Kim Ruhl","?"
"Kirby Rattenbury","?"
"Kirill Zavodov","Male"
"Kirsten Wandschneider","Female"
"Kjell G. Salvanes","Male"
"Klaus Nielsen","Male"
"Klaus F. Zimmermann","Male"
"Knut Are Aastveit","Male"
"Kris Jacobs","?"
"Kristen Lloyd","Female"
"Kristian Lopez-Vargas","Male"
"Kristina McElheran","Female"
"Kristine Brown","Female"
"Kumiko Imai","Female"
"Kurt Rafael Verkest","Male"
"Kwabena Gyimah-Brempong","Male"
"Kwan Yong Lee","?"
"Kwan Ok Lee","?"
"Kyle Hood","Male"
"Kyung Hwan Baik","?"
"Lada Adamic","Female"
"Lan Shi","?"
"Lanny Zrill","?"
"Lara Shore-Sheppard","Female"
"Larry Wall","Male"
"Larry Chavis","Male"
"Lars Norden","Male"
"Laryssa Mykyta","Female"
"Laura Cardwell","Female"
"Laura Taylor","Female"
"Laura Feiveson","Female"
"Laura Tiehen","Female"
"Laura Paler","Female"
"Laura Ebert","Female"
"Laurel Rong","Female"
"Lauren Linzmeier","Female"
"Lauren Malone","Female"
"Laurent Weill","Male"
"Lawrence Mishel","Male"
"Lawrence M. Spizman","Male"
"Lawrence M. Kahn","Male"
"Leanne Ussher","Female"
"Lee Kristin Sandusky","?"
"Lee Howard Adler","?"
"Lei Xie","?"
"Leif Anders Thorsrud","Male"
"Leon Fernandez Bujanda","Male"
"Leonardo Corral","Male"
"Leonardo Madureira","Male"
"Leonardo Auernheimer","Male"
"Leonie Gerhards","?"
"Leopoldo Montaudo","Male"
"Lesley Turner","?"
"Levent Celik","Male"
"Li Liu","?"
"Li Lin","?"
"Liang Peng","?"
"Lily Zhou","Female"
"Lin Ma","?"
"Linda Rousova","Female"
"Linda Babcock","Female"
"Linda Loubert","Female"
"Lindsay Daugherty","Female"
"Ling Chen","?"
"Ling Feng","?"
"Ling Huang","?"
"Linlin Ma","Female"
"Linnea Polgreen","Female"
"Lisa Gennetian","Female"
"Lisa Szykman","Female"
"Lisa D. Cook","Female"
"Lise Vesterlund","Female"
"Livia Chitu","Female"
"Liyan Yang","Female"
"Logan T. Lewis","?"
"Lonnie Golden","?"
"Lorenzo E. Bernal-Verdugo","Male"
"Lori Bennear","Female"
"Lori Beaman","Female"
"Lowell J. Taylor","Male"
"Lowell Turner","Male"
"Lu Zheng","?"
"Luca Pieroni","Male"
"Lucie Gadenne","Female"
"Ludovic Phalippou","Male"
"Luigi Bonatti","Male"
"Luisa Blanco","Female"
"Lukas Menkhoff","Male"
"Luz Marina Arias","Female"
"Lynne Chester","Female"
"Maarten Voors","Male"
"Maciej H. Kotowski","Male"
"Madhu Khanna","?"
"Madhu Kalimipalli","?"
"Mahmoud AbdelBaky","Male"
"Maike Schmitt","Female"
"Maja Adena","Female"
"Maksym Invanyna","Male"
"Malcolm Sawyer","Male"
"Malcolm Wardlaw","Male"
"Mandie Weinandt","Female"
"Manuel Alejandro Hernandez","Male"
"Manuel Reyes-Loya","Male"
"Manuel Buitrago","Male"
"Manuel Martins","Male"
"Manuel Illueca Munoz","Male"
"Marc Gurgand","Male"
"Marc Vothknecht","Male"
"Marc Martos-Vila","Male"
"Marc Rockmore","Male"
"Marc Fleurbaey","Male"
"Marcella Corsi","Female"
"Marcello Estevao","Male"
"Marcelo Soto","Male"
"Marcelo J. Moreira","Male"
"Marcelo Rezende","Male"
"Marco Janssen","Male"
"Marco Casari","Male"
"Marcus Mobius","Male"
"Marcus Berliant","Male"
"Marcus M. Opp","Male"
"Margaret Yap","Female"
"Margaret Simms","Female"
"Margaret McConnell","Female"
"Maria Jiménez Buedo","Female"
"Maria Genoni","Female"
"Maria Bigoni","Female"
"Maria Koumenta","Female"
"Maria Soledad Martinez Peria","Female"
"Marian Vidal-Fernandez","Female"
"Marianna Belloc","Female"
"Marie Claire Villeval","Female"
"Marie Duggan","Female"
"Marie Petkus","Female"
"Marilyn Power","Female"
"Mario Seccareccia","Male"
"Marisa Gudrais","Female"
"Mark Ivaldi","Male"
"Mark Armstrong","Male"
"Mark D. White","Male"
"Mark Grinblatt","Male"
"Mark Thoma","Male"
"Mark Jamison","Male"
"Mark J Kutzbach","Male"
"Mark Kurt","Male"
"Mark Skidmore","Male"
"Mark Eiswerth","Male"
"Mark R. Rosenzweig","Male"
"Mark Skousen","Male"
"Markus Hahn","Male"
"Markus Leippold","Male"
"Marlene Kim","Female"
"Marshall Auerback","Male"
"Martha A. Starr","Female"
"Martin Kraal","Male"
"Martin Weidner","Male"
"Martina Bjorkman Nyqvist","Female"
"Mary Hirschfeld","Female"
"Mary E. Lovely","Female"
"Mary Hamman","Female"
"Mary McGarvey","Female"
"Mary V. Wrenn","Female"
"Maryam Naghsh Nejad","Female"
"Marzena Rostek","Female"
"Masaaki Mizuochi","Male"
"Masahiro Kawai","Male"
"Massimiliano Croce","Male"
"Massimo Marinacci","Male"
"Matthew O. Jackson","Male"
"Matthew Lowe","Male"
"Matthew Piszczek","Male"
"Matthew Bezreh","Male"
"Matthew Rabin","Male"
"Matthew Osborne","Male"
"Matthew Cushing","Male"
"Matthew Gustafson","Male"
"Matthias Krapf","Male"
"Matti Keloharju","?"
"Maureen O'Hara","Female"
"Mauricio J. Varela","Male"
"Max Bazerman","Male"
"Max Croce","Male"
"Meenakshi Beri","Female"
"Mehmet Balcilar","Male"
"Mehmet Yaya","Male"
"Meike Bartels","Female"
"Melanie Khamis","Female"
"Mi Zhou","?"
"Micah S. Officer","?"
"Michael Rebello","Male"
"Michael C. Burda","Male"
"Michael Eriksen","Male"
"Michael W. L. Elsby","Male"
"Michael Collins","Male"
"Michael McWilliams","Male"
"Michael Hillard","Male"
"Michael Wolf","Male"
"Michael Murray","Male"
"Michael Yankovich","Male"
"Michael Fichter","Male"
"Michael S. Dahl","Male"
"Michael Kuhn","Male"
"Michael Parkin","Male"
"Michael David Bordo","Male"
"Michael Palumbo","Male"
"Michael Wasser","Male"
"Michael K. Price","Male"
"Michael Mazzeo","Male"
"Michael Reich","Male"
"Michael Hanemann","Male"
"Michael Fleming","Male"
"Michael Watts","Male"
"Michael Szenberg","Male"
"Michael Podgursky","Male"
"Michael T. Owyang","Male"
"Michael Thomsen","Male"
"Michael Lemmon","Male"
"Michal Fabinger","?"
"Michele Naples","Female"
"Michelle Miller","Female"
"Milena Petrova","Female"
"Min Seong Kim","?"
"Min Dai","?"
"Mina Baliamoune-Lutz","?"
"Mine Z. Senses","?"
"Mine Yucel","?"
"Ming Pu","?"
"Minh Cong Nguyen","?"
"Miriam Jorgensen","Female"
"Miriam Schwartz-Ziv","Female"
"Mirza Trokic","?"
"Mohammad Hashem Pesaran","Male"
"Moira Daly","Female"
"Moritz Meyer-ter-Vehn","Male"
"Morris Altman","Male"
"Moussa P. Blimpo","Male"
"Mrinal Ghosh","?"
"Muhammad Umar Boodoo","Male"
"Murat Seker","Male"
"Mustafa Karaman","Male"
"Nachum Sicherman","Male"
"Nada Eissa","Female"
"Nadia Doytch","Female"
"Nadia Greenhalgh-Stanley","Female"
"Nadim Ahmad","Male"
"Nadine Riedel","Female"
"Nancy Cartwright","Female"
"Naoki Tsuchiya","Male"
"Narayan Bulusu","Male"
"Natalia Lazzati","Female"
"Natalia Bracarense","Female"
"Nathan W. Chan","Male"
"Nathan Balke","Male"
"Nathan Fiala","Male"
"Nathan Rollins","Male"
"Nathan Petek","Male"
"Nathaniel A. Throckmorton","Male"
"Nazmul Hassan","Male"
"Neal H. Olitsky","Male"
"Neil C. Thompson","Male"
"Nels P. Christiansen","Male"
"Nelson Villoria","Male"
"Ngina Chiteji","Female"
"Niall Keleher","Male"
"Nicholas L. Wilson","Male"
"Nicholas Jolly","Male"
"Nicholas E. Flores","Male"
"Nicholas A. Bloom","Male"
"Nick Mader","Male"
"Nicole Simpson","Female"
"Niels Rietveld","Male"
"Niki Dickerson von Lockette","?"
"Niklas Huether","Male"
"Nikolaos Theodoropoulos","Male"
"Nina Thelen","Female"
"Nina Shapiro","Female"
"Nobuko Nagase","Female"
"Norberto Pignatti","Male"
"Ohad Kadan","Male"
"Olaf Korn","Male"
"Olga Shurchkov","Female"
"Oliver Spalt","Male"
"Omar Licandro","Male"
"Oral Capps","Male"
"Orazio Pietro Attanasio","Male"
"Oren Levin-Waldman","Male"
"Oskar R. Harmon","Male"
"Ousman Gajigo","Male"
"Pablo Ibarraran","Male"
"Pablo David Fajgelbaum","Male"
"Pablo Hernandez","Male"
"Pablo D'Erasmo","Male"
"Paddy Quick","?"
"Paige Marta Skiba","Female"
"Paolo Colla","Male"
"Paolo Porchia","Male"
"Paolo Gelain","Male"
"Pascal Petit","?"
"Pascal Lavergne","?"
"Patrick Premand","Male"
"Patrick McGuire","Male"
"Patrick O. Aboagye","Male"
"Patrick Warren","Male"
"Patrick Hummel","Male"
"Patrick McCarthy","Male"
"Patrick Behr","Male"
"Paul Glewwe","Male"
"Paul Thistle","Male"
"Paul L. Joskow","Male"
"Paul Cooney","Male"
"Paul J. Zak","Male"
"Paul Davidson","Male"
"Paul Castaneda Dower","Male"
"Paul L. E. Grieco","Male"
"Paul Oslington","Male"
"Paul Moon Sub Choi","Male"
"Paul Heidhues","Male"
"Paul Whelan","Male"
"Paul Calem","Male"
"Paul Heisey","Male"
"Paulo dos Santos","Male"
"Pedro Conceicao","Male"
"Pedro Santa-Clara","Male"
"Pedro A. Alviola","Male"
"Pedro Matos","Male"
"Pedro Saffi","Male"
"Pedro C. Vicente","Male"
"Peter H. Nickerson","Male"
"Peter D. Loeb","Male"
"Peter Nijkamp","Male"
"Peter Cappelli","Male"
"Peter Berg","Male"
"Peter Skott","Male"
"Peter Coy","Male"
"Peter Arcidiacono","Male"
"Peter Dorman","Male"
"Peter Hordahl","Male"
"Peter Schuhmann","Male"
"Peter I. Buerhaus","Male"
"Phil Phillip Oreopoulos","Male"
"Philip Swagel","Male"
"Philip Howard","Male"
"Philip Arestis","Male"
"Philip Saure","Male"
"Pia Raffler","Female"
"Pierre L. Siklos","Male"
"Pieter Bottelier","Male"
"Pietro Garibaldi","Male"
"Pietro Ortolova","Male"
"Pradeep Agarwal","Male"
"Pritha Dev","Female"
"Priyanka Anand","Female"
"Przemyslaw Jeziorski","Male"
"Qian (Lydia) He","?"
"Qin Lian","?"
"Quang Vuong","Male"
"Quentin T. Wodon","Male"
"Rachel Connelly","Female"
"Rachel Garshick Kleit","Female"
"Rachid Lajaaj","Male"
"Radu ban","Male"
"Rafael Gomez","Male"
"Rahul Lahoti","Male"
"Rajeev Darolia","Male"
"Rajeev Sooreea","Male"
"Rajesh Aggarwal","Male"
"Rajiv Sethi","Male"
"Ralph de Haas","Male"
"Ralph Stinebrickner","Male"
"Rama Seth","?"
"Ramon Garcia Fernandez","Male"
"Ramya M. Vijaya","Female"
"Ran Lu","?"
"Randal R. Rucker","Male"
"Randall Blair","Male"
"Randall Akee","Male"
"Raphael Sebastian Schoenle","Male"
"Raphael Calel","Male"
"Raphael A. Auer","Male"
"Ray Boddy","Male"
"Ray Zimmerman","Male"
"Rayna A. Sage","Female"
"Razvan Vlaicu","Male"
"Rebeca Gomez Betancourt","Female"
"Reid W. Click","?"
"Ren Mu","?"
"Rene Garcia","?"
"Renee Adams","Female"
"Renuka Sane","Female"
"Reto Odermatt","Male"
"Reuben Ford","Male"
"Ricardo Correa","Male"
"Richard Frankel","Male"
"Richard Lowery","Male"
"Richard V. Adkisson","Male"
"Richard Peter","Male"
"Richard Roll","Male"
"Richard A. Price, III","Male"
"Richard Levich","Male"
"Richard Fowles","Male"
"Richard V. Burkhauser","Male"
"Richard P.F. Holt","Male"
"Richard Martin","Male"
"Richard McIntyre","Male"
"Richard U. Agesa","Male"
"Rik Frehen","Male"
"Rita Ray","Female"
"Ritesh Banerjee","Male"
"Riza Demirer","?"
"Robert Kollmann","Male"
"Robert Innes","Male"
"Robert McClelland","Male"
"Robert W. Dimand","Male"
"Robert Gutman","Male"
"Robert Fakudze","Male"
"Robert Valletta","Male"
"Robert Oandasan","Male"
"Robert G. Hammond","Male"
"Robert Santillano","Male"
"Robert Mundell","Male"
"Robert Schonlau","Male"
"Robert Murphy","Male"
"Robert Forrant","Male"
"Robert Cull","Male"
"Robert Garnett","Male"
"Robert Thornton","Male"
"Robert E. Lucas, Jr","Male"
"Robert McMaster","Male"
"Robert Scott","Male"
"Robert Korajczyk","Male"
"Robert Nash","Male"
"Robert J. Tetlow","Male"
"Robert J. Shiller","Male"
"Robert L. Pennington","Male"
"Robert A. Pollak","Male"
"Roberto M. Billi","Male"
"Roberto Serrano","Male"
"Roberto Samaniego","Male"
"Roberto Coronado","Male"
"Robin Hahnel","?"
"Rodolfo Nayga","Male"
"Rodolphe Desbordes","Male"
"Rodrigo Castelo","Male"
"Rodrigo Novinski","Male"
"Roger Myerson","Male"
"Roger Wilkins","Male"
"Roger McCain","Male"
"Roger Stein","Male"
"Roger Bate","Male"
"Roger Edelen","Male"
"Roger B. Butters","Male"
"Rogerio Mazali","Male"
"Rohan Chinchwadkar","Male"
"Roland G. Fryer, Jr","Male"
"Roland Füss","Male"
"Roland Pongou","Male"
"Roman Sysuyev","Male"
"Ron Mittelhammer","Male"
"Ronald J. Shadbegian","Male"
"Ronald Goettler","Male"
"Ronald C. Kessler","Male"
"Ronald U. Mendoza","Male"
"Ronald D. Sands","Male"
"Ronelle Burger","?"
"Rong Wang","?"
"Ronnie Sadka","?"
"Rosa Matzkin","Female"
"Rudi Bachmann","?"
"Rui Neiva","?"
"Rui Li","?"
"Rupa Banerjee","Female"
"Ruth Uwaifo","Female"
"Ruth Vargas Hill","Female"
"Ryan Williams","Male"
"Ryan C. McDevitt","Male"
"Ryan Riordan","Male"
"Ryoji Ito","Male"
"Ryon Cobb","Male"
"Sabina Ohri Gandhi","Female"
"Sabine Wende","Female"
"Sam Allgood","?"
"Sam Kleiner","?"
"Sambit Bhattacharyya","Male"
"Samuel Knupfer","Male"
"Samuel M. Marshall","Male"
"Samuel Myers","Male"
"Samuel Bowles","Male"
"Sandra Rigot","Female"
"Sandra L. Decker","Female"
"Sandra Lizarazo","Female"
"Sangeeta Pratap","Female"
"Santiago Carbo-Valverde","Male"
"Santiago Cueto","Male"
"Sapna Kaul","Female"
"Sara Hsu","Female"
"Sarah E. Turner","Female"
"Sarah B. Cosgrove","Female"
"Sarah Qian Wang","Female"
"Sarah Bohn","Female"
"Sarah Fulmer","Female"
"Sascha O. Becker","?"
"Scott Cederburg","Male"
"Scott Richardson","Male"
"Scott Fullwiler","Male"
"Scott J. Savage","Male"
"Scott Masten","Male"
"Scott M. Fuess, Jr","Male"
"Scott Imberman","Male"
"Scott Gehlbach","Male"
"Scott Van Buren","Male"
"Scott Gilbert","Male"
"Se Yan","?"
"Sean Orzol","Male"
"Sean P. Corcoran","Male"
"Sebastian Krautheim","Male"
"Sebastian Hauptmeier","Male"
"Sebastian Rausch","Male"
"Sebastian Levine","Male"
"Sebastian Martinez","Male"
"Sebastien Miroudot","Male"
"Selahattin Imrohoroglu","Male"
"Selva Demiralp","Male"
"Semyon Malamud","Male"
"Sergio Cámara Izquierdo","Male"
"Serhiy Stepanchuk","Male"
"Serkan Ozbeklik","Male"
"Seth Carpenter","Male"
"Seth Giertz","Male"
"Shahnaz Abdullah","Female"
"Sharon O'Donnell","Female"
"Shashi Kolavalli","?"
"Shawn Thomas","?"
"Shawn Ni","?"
"Sheikh Shahnawaz","Male"
"Sheldon Danziger","Male"
"Shelly Lundberg","Female"
"Sheng Huang","Male"
"Shereef Ellaboudy","Male"
"Sheri Tice","Female"
"Sherry Xin Li","Female"
"Shiran Rachmilevitch","?"
"Sidney Resnick","?"
"Siew Hoon Lim","?"
"Silvia Saccardo","Female"
"Simone Cerreia-Vioglio","?"
"Siobhan O'Keefe","Female"
"Solomon Polachek","Male"
"Song Lin","?"
"Sonia Jaffe","Female"
"Sonia Bhalotra","Female"
"Sophie Ni","Female"
"Sophie Moinas","Female"
"Sorin Sorescu","Male"
"Sotiris Georganas","Male"
"Soumya Balasubramanya","?"
"Sourav Batabyal","Male"
"Stacey McMorrow","Female"
"Stacy Dale","Female"
"Stan Veuger","Male"
"Stefania Bortolotti","Female"
"Stefano Scarpetta","Male"
"Stefano DellaVigna","Male"
"Stephanie Kelton","Female"
"Stephanie Seguino","Female"
"Stephen Utkus","Male"
"Stephen Meardon","Male"
"Stephen Sheppard","Male"
"Stephen L. Ross","Male"
"Stephen Boucher","Male"
"Stephen Kinsella","Male"
"Stephen DeLoach","Male"
"Stephen Wu","Male"
"Stephen Turnovsky","Male"
"Stephen Terry","Male"
"Stephen F. Hamilton","Male"
"Stephen Ross Yeaple","Male"
"Stephen Bryan","Male"
"Sterling Huang","?"
"Steve Scott","Male"
"Steve Crawford","Male"
"Steve Onyeiwu","Male"
"Steve Ho","Male"
"Steve Payson","Male"
"Steven Pressman","Male"
"Steven Grenadier","Male"
"Steven N. Durlauf","Male"
"Steven J. Tepper","Male"
"Steven J. Shapiro","Male"
"Stuart Glosser","Male"
"Subhankar Nayak","Male"
"Sulaiman Sulaiman","Male"
"Suresh de Mel","Male"
"Susan Wachter","Female"
"Susan McElroy","Female"
"Susan Walker","Female"
"Susan Lambert","Female"
"Susan Godlonton","Female"
"Susan K. Schroeder","Female"
"Susan N. Houseman","Female"
"Susan Payne Carter","Female"
"Susanne Neckermann","Female"
"Suzanne Macartney","Female"
"Sven Sassning","Male"
"Svetlana Kirdina","Female"
"Swati Ghosh","Female"
"Sweta Saxena","Female"
"Tae Hoon Oum","?"
"Takashi Yamagata","?"
"Takeshi Murooka","Male"
"Taya Dumrongrittikul","Female"
"Tayfun Sonmez","Male"
"Ted O'Donoghue","Male"
"Ted Temzelides","Male"
"Terrence Hendershott","Male"
"Theo Vermaelen","Male"
"Therese Lindahl","Female"
"Thierry Foucault","Male"
"Thierry Kangoye","Male"
"Thomas Hartmann-Wendels","Male"
"Thomas Reardon","Male"
"Thomas Thibodeau","Male"
"Thomas Walker","Male"
"Thomas Le Barbanchon","Male"
"Thomas Eisenbach","Male"
"Thomas McCurdy","Male"
"Thomas Hildebrand","Male"
"Thomas Dallery","Male"
"Thomas R. Ireland","Male"
"Thomas A. Kochan","Male"
"Thomas Kniesner","Male"
"Thomas Buchmueller","Male"
"Thomas F. Cargill","Male"
"Thomas R. Berry-Stolzle","Male"
"Thorsten Beck","Male"
"Thorsten Moenig","Male"
"Tiago Mata","Male"
"Tien Foo Sing","?"
"Tim Dowd","Male"
"Tim Mount","Male"
"Tim Diette","Male"
"Tim O. Berg","Male"
"Tim Kelley","Male"
"Timothy M. Riddiough","Male"
"Timothy M. Smeeding","Male"
"Timothy J. Bartik","Male"
"Timothy Richards","Male"
"Timothy Johnson","Male"
"Timothy J. Dowd","Male"
"Tisha L.N. Emerson","Female"
"Tito Boeri","Male"
"Tiziana Assenza","Female"
"Tobias Veith","Male"
"Tobias Cwik","Male"
"Todd Rogers","Male"
"Tomasz Sadzik","Male"
"Tomasz Strzalecki","Male"
"Tommy Cooper","Male"
"Topher McDougal","Male"
"Torsten Heinrich","Male"
"Traci L. Mach","Female"
"Tracy Wang","Female"
"Tracy Xiao Liu","Female"
"Trevon D. Logan","?"
"Tricia Olsen","Female"
"Trudi J. Renwick","Female"
"Tu Nguyen","?"
"Turan Bali","Male"
"Ty Turley","?"
"Tzachi Zach","Male"
"Ulrich K. Mueller","Male"
"Uma Kambhampati","Female"
"Una Okonkwo Osili","Female"
"Urs Peyer","Male"
"Valentine Gilbert","?"
"Valerie Cerra","Female"
"Valerie Rawlston Wilson","Female"
"Vanessa Berenguer-Rico","Female"
"Vania Sena","Female"
"Veronika Krepely Pool","Female"
"Vicki A. McCracken","Female"
"Vidhi Chhaochharia","Female"
"Vijaya Marisetty","Female"
"Vikas Agarwal","Male"
"Ville Rantala","Male"
"Vincent Vicard","Male"
"Vincent Fardeau","Male"
"Virginie Pérotin","Female"
"Vjollca Sadiraj","Female"
"Vladimir Hlasny","Male"
"Vladimir Sokolov","Male"
"Volker Radeloff","Male"
"Vyacheslav Fos","Male"
"Wael Moussa","Male"
"Wallace Huffman","Male"
"Walter Boudry","Male"
"Warren C. Whatley","Male"
"Wayne K. Talley","Male"
"Wayne B. Gray","Male"
"Wei Dong","?"
"Wendy Stock","Female"
"Wesley Gray","Male"
"Wilbert van der Klaauw","Male"
"Will Armstrong","Male"
"William N. Goetzmann","Male"
"William Dickens","Male"
"William Spriggs","Male"
"William Gentry","Male"
"William T. Alpert","Male"
"William A. Darity, Jr","Male"
"William Jackson","Male"
"William Becker","Male"
"William M. Dugger","Male"
"William Bosshardt","Male"
"William M. Rodgers III","Male"
"William Waller","Male"
"William L. Goffe","Male"
"William B. Walstad","Male"
"William Carrington","Male"
"William H. McGuire","Male"
"Willy Walter Cortez Yactayo","Male"
"Wioletta Dziuda","Female"
"Wolf Wagner","?"
"Wolfgang Haerdle","Male"
"Xavier Vives","Male"
"Xian Sun","?"
"Xiaoyan Lei","Female"
"Xin Chang","?"
"Xing Huang","?"
"Xu Lin","?"
"Xuan Tian","?"
"Xun Tang","?"
"Xun Bian","?"
"Yan Liang","?"
"Yan Chen","?"
"Yan Albert Wang","?"
"Yan Li","?"
"Yana van der Meulen Rodgers","Female"
"Yanis Varoufakis","?"
"Yaniv Reingewertz","Male"
"Yann Giraud","?"
"Yannick Kalantzis","?"
"Yanyan Liu","Female"
"Yao Luo","?"
"Yasser Boualam","Male"
"Yasushi Hamao","Male"
"Ye Cai","?"
"Yifan Zhang","?"
"Yifan Yu","?"
"Yifei Zhong","Male"
"Ying Zhen","?"
"Yiqing Xie","Female"
"Yoko Tanaka","Female"
"Yong Chen","Male"
"Yoram Bauman","Male"
"Yu Jin","?"
"Yue Ma","?"
"Yulia Davydova","Female"
"Yuming Fu","Male"
"Yuna Di","Female"
"Yuri Tserlukevich","?"
"Yves Zamboni","?"
"Zeina Alsalman","Female"
"Zhan Shi","?"
"Zhen Liu","?"
"Zheng (Michael) Song","?"
"Zhiyuan Li","?"
"Zhong Zhao","?"
"Zuzana Fungacova","Female"
"Zuzana Brixiova","Female"
"A. G. Malliaris","Male"
"A. Jesus Sanchez-Fuentes","Male"
"Aaron Sojourner","Male"
"Adair Morse","Female"
"Adam Isen","Male"
"Adam Reed","Male"
"Adam Sacarny","Male"
"Adam Storeygard","Male"
"Adrian Stoian","Male"
"Adriana Lleras-Muney","Female"
"Adriano Rampini","Male"
"Adrien Verdelhan","Male"
"Ahmed Mushfiq Mobarak","Male"
"Ainhoa Aparicio Fenoll","Female"
"Ainhoa Vega-Bayo","Female"
"Ajay Subramanian","Male"
"Akpan Ekpo","Male"
"Alan Barreca","Male"
"Alan Fuchs","Male"
"Alan J. Auerbach","Male"
"Alan Krueger","Male"
"Albert Saiz","Male"
"Alberto Manconi","Male"
"Alberto Salvo","Male"
"Aldo Rustichini","Male"
"Aleh Tsyvinski","Male"
"Alessandro Previtero","Male"
"Alessandro Tarozzi","Male"
"Alessio Saretto","Male"
"Alex Bryson","Male"
"Alex Edmans","Male"
"Alex Rees-Jones","Male"
"Alexander Bick","Male"
"Alexander Ljungqvist","Male"
"Alexander Ludwig","Male"
"Alexander Pfaff","Male"
"Alexander Rothenberg","Male"
"Alexander Whalley","Male"
"Alexandre Skiba","Male"
"Ali Shourideh","Male"
"Alireza Tahbaz-Salehi","Male"
"Allan Collard-Wexler","Male"
"Allan Timmermann","Male"
"Allen Ferrell","Male"
"Allison Shertzer","Female"
"Alois Stutzer","Male"
"Aloisio Pessoa Araujo","Male"
"Alon Eizenberg","Male"
"Alp Simsek","Male"
"Alpaslan Akay","Male"
"Alvin Murphy","Male"
"Amalia R. Miller","Female"
"Amanda Kowalski","Female"
"Amanda Starc","Female"
"Amedeo Piolatto","Male"
"Amil Dasgupta","Male"
"Amit Gandhi","Male"
"Amit Goyal","Male"
"Amit Seru","Male"
"Amitabh Chandra","Male"
"Amitrajeet Batabyal","Male"
"Amiyatosh Purnanandam","Male"
"Amy Finkelstein","Female"
"Andra Ghent","Female"
"Andrea Buraschi","Male"
"Andrea Eisfeldt","Female"
"Andrea Ferrero","Male"
"Andrea Pozzi","Male"
"Andrea Vedolin","Female"
"Andreas Fuster","Male"
"Andreas Moxnes","Male"
"Andrei Kirilenko","Male"
"Andrei Levchenko","Male"
"Andrei Shleifer","Male"
"Andrei Zlate","Male"
"Andres Almazan","Male"
"Andres Aradillas-Lopez","Male"
"Andres Rodriguez-Clare","Male"
"Andrés Romeu","Male"
"Andrew Ang","Male"
"Andrew Atkeson","Male"
"Andrew Foster","Male"
"Andrew Glover","Male"
"Andrew Goodman-Bacon","Male"
"Andrew Haughwout","Male"
"Andrew J. Oswald","Male"
"Andrew Jalil","Male"
"Andrew Metrick","Male"
"Andrew Newman","Male"
"Andrew Paciorek","Male"
"Andrew Patton","Male"
"Andrew Sweeting","Male"
"Andrew W. Lo","Male"
"Andrey Fradkin","Male"
"Andrey Malenko","Male"
"Anh Le","Male"
"Aniela Pietrasz Pietrasz","Female"
"Anjan Thakor","Male"
"Anna Kovner","Female"
"Anna Mikusheva","Female"
"Anna Orlik","Female"
"Annamaria Lusardi","Female"
"Annette Vissing-Jorgensen","Female"
"Ansgar Belke","Male"
"Anthony Saunders","Male"
"Antoine Dechezlepretre","Male"
"Antoinette Schoar","Female"
"Anton Cheremukhin","Male"
"Anton Korinek","Male"
"Antonio Bento","Male"
"Anupam Jena","Male"
"Anusua Datta","Female"
"Anzelika Zaiceva","Female"
"Apanard Prabha","Female"
"Aparajita Dasgupta","Female"
"Ariel Burstein","Male"
"Ariell Reshef","Male"
"Ariun Ishdorj","Female"
"Arnaud Costinot","Male"
"Arthur Korteweg","Male"
"Arvind Krishnamurthy","Male"
"Asani Sarkar","Male"
"Ashley Swanson","Female"
"Asuman Ozdaglar","Female"
"Atheendar S. Venkataramani","Male"
"Athiphat Muthitacharoen","Male"
"Atish R. Ghosh","Male"
"Atsushi Inoue","Male"
"Atsushi Ohyama","Male"
"Aubhik Khan","Male"
"Augustin Landier","Male"
"Aureo de Paula","Male"
"Avanidhar Subrahmanyam","Male"
"Avi Goldfarb","Male"
"Aviv Nevo","Male"
"Aviva Aron-Dine","Female"
"Ayse Imrohoroglu","Female"
"Ayse Tuna","Female"
"Aysegul Sahin","Female"
"Aysit Tansel","Female"
"Baixiao Liu","Male"
"Balázs Égert","Male"
"Barry Eichengreen","Male"
"Bart Hobijn","Male"
"Beia Spiller","Female"
"Belton M. Fleisher","Male"
"Ben Li","Male"
"Benjamin A. Olken","Male"
"Benjamin Chabot","Male"
"Benjamin Crost","Male"
"Benjamin Handel","Male"
"Benjamin Malin","Male"
"Benjamin Marx","Male"
"Benjamin Moll","Male"
"Benjamin R. Mandel","Male"
"Benoit Julien","Male"
"Benoit Perron","Male"
"Bernadette Minton","Female"
"Bernardino Adao","Male"
"Bertil Tungodden","Male"
"Bertille Antoine","Female"
"Betsey Stevenson","Female"
"Bhaskaran Swaminathan","Male"
"Bilgehan Karabay","Male"
"Bing Liang","Male"
"Binzhen Wu","Female"
"Biplab Ghosh","Male"
"Birte Snilstveit","Female"
"Bishnupriya Gupta","Female"
"Bjorn Eraker","Male"
"Bjorn Imbierowicz","Male"
"Bo Honore","Male"
"Borghan Najarabad","Male"
"Boris Nikolov","Male"
"Botond Koszegi","Male"
"Brent Ambrose","Male"
"Brett Gordon","Male"
"Brian Bell","Male"
"Brian Jacob","Male"
"Brian K. Kovak","Male"
"Brian Knight","Male"
"Brigham Russell Frandsen","Male"
"Brigitte C. Madrian","Female"
"Bronwyn Hall","Female"
"Bruce D. Meyer","Male"
"Bruce Fallick","Male"
"Bruce Sacerdote","Male"
"Bruno Biais","Male"
"Bruno Crepon","Male"
"Bruno Strulovici","Male"
"Bryan Kelly","Male"
"Bryan Stuart","Male"
"Buvaneshwaran Venugopal","Male"
"Byron Lutz","Male"
"Carl-Johan Dalgaard","Male"
"Carlena Cochi Ficano","Female"
"Carlos Carvalho","Male"
"Carlos Vegh","Male"
"Carmen Reinhart","Female"
"Carola Frydman","Female"
"Carolin E. Pflueger","Female"
"Carolina Villegas-Sanchez","Female"
"Caroline Weber","Female"
"Cars Hommes","Male"
"Catherine Thomas","Female"
"Catherine Tucker","Female"
"Cemal Eren Arbatli","Male"
"Cesar Martinelli","Male"
"Chad Syverson","Male"
"Chao Zhou","Male"
"Charalampos Makatsoris","Male"
"Charles Calomiris","Male"
"Charles Cao","Male"
"Charles Engel","Male"
"Charles Jones","Male"
"Charles Nathanson","Male"
"Charles Sprenger","Male"
"Chen Lin","Male"
"Chiaki Moriguchi","Female"
"Chicheng Ma","Male"
"Chinhui Juhn","Female"
"Chor-yiu Sin","Male"
"Chris Papageorgiou","Male"
"Chris Rohlfs","Male"
"Christian Hansen","Male"
"Christian Helmers","Male"
"Christian Lundblad","Male"
"Christiane Baumeister","Female"
"Christina Paxson","Female"
"Christine Parlour","Female"
"Christopher A. Sims","Male"
"Christopher Blattman","Male"
"Christopher Carroll","Male"
"Christopher J. Nekarda","Male"
"Christopher Kurz","Male"
"Christopher Polk","Male"
"Christopher R. Knittel","Male"
"Christopher Stanton","Male"
"Christopher Timmins","Male"
"Christopher Udry","Male"
"Chun-Yu Ho","Male"
"Chunhua Lan","Female"
"Claudia Goldin","Female"
"Claudia Olivetti","Female"
"Clemens Sialm","Male"
"Clifford Winston","Male"
"Colin Ward","Male"
"Corey Lang","Male"
"Cosmin L. Ilut","Male"
"Costas Arkolakis","Male"
"Craig Burnside","Male"
"Craig Olson","Male"
"Crocker Liu","Male"
"Cuneyd Kaya","Male"
"Cynthia Lin","Female"
"Cyrus Samii","Male"
"Daiji Kawaguchi","Male"
"Dale Jorgenson","Male"
"Dalida Kadyrzhanova","Female"
"Damba Lkhagvasuren","Male"
"Damiano Sandri","Male"
"Dan Li","Male"
"Dan Sichel","Male"
"Daniel Chen","Male"
"Daniel Cooper","Male"
"Daniel Gutknecht","Male"
"Daniel J. Benjamin","Male"
"Daniel Shoag","Male"
"Daniel Weinberg","Male"
"Daniele Bianchi","Male"
"Danièle Meulders","Female"
"Darius N. Lakdawalla","Male"
"Daron Acemoglu","Male"
"Darrell Duffie","Male"
"Dave Donaldson","Male"
"David Albouy","Male"
"David Atkin","Male"
"David Backus","Male"
"David Berger","Male"
"David Blau","Male"
"David Cesarini","Male"
"David Cutler","Male"
"David Deming","Male"
"David Dorn","Male"
"David Easley","Male"
"David Figlio","Male"
"David Hemous","Male"
"David I. Laibson","Male"
"David Lagakos","Male"
"David Lucca","Male"
"David Matsa","Male"
"David Molitor","Male"
"David N. Weil","Male"
"David Neumark","Male"
"David Ng","Male"
"David Powell","Male"
"David Rapson","Male"
"David Simon","Male"
"David Sraer","Male"
"David T. Robinson","Male"
"David Thesmar","Male"
"Davin Chor","Male"
"Dean Corbae","Male"
"Dean Karlan","Male"
"Dean Yang","Male"
"Deborah Lucas","Female"
"Deepankar Basu","Male"
"Degol Hailu","Male"
"Delia Furtado","Female"
"Denis Tkachenko","Male"
"Dennis Kristensen","Male"
"Deokwoo Nam","Male"
"Derek Lemoine","Male"
"Devashish Mitra","Male"
"Devin Pope","Male"
"Deyuan Li","Male"
"Dieynaba Tandian","Female"
"Dimitris Papanikolaou","Male"
"Dina Pomeranz","Female"
"Dirk Krueger","Male"
"Dmytro Hryshko","Male"
"Domenico Giannone","Male"
"Dominic P. Parker","Male"
"Don Fullerton","Male"
"Dong Hwan Oh","Male"
"Dong Lou","Male"
"Dongho Song","Male"
"Donghoon Lee","Male"
"Douglas Almond","Male"
"Douglas Gale","Male"
"Douglas Gollin","Male"
"Douglas L. Miller","Male"
"Douglas O. Staiger","Male"
"Dragon Yongjun Tang","Male"
"Duane Seppi","Male"
"Duncan Thomas","Male"
"Dwight Jaffee","Male"
"Dylan Walker","Male"
"E. Han Kim","Male"
"E. Kim","Male"
"E. Ray Dorsey","Male"
"E. Roy Weintraub","Male"
"Ebonya Washington","Female"
"Edeltraud Hanappi-Egger","Female"
"Edward C. Prescott","Male"
"Edward Glaeser","Male"
"Edward Lazear","Male"
"Edward Miguel","Male"
"Egon Zakrajsek","Male"
"Eiichiro Kazumori","Male"
"Ekaterina Zhuravskaya","Female"
"Ekkehart Boehmer","Male"
"Eleanor Dillon","Female"
"Elena Pastorino","Female"
"Eleonora Granziera","Female"
"Eleonora Patacchini","Female"
"Elhanan Helpman","Male"
"Eli Berman","Male"
"Eliana La Ferrara","Female"
"Elizabeth Ananat","Female"
"Elizabeth Brainerd","Female"
"Elizabeth Cascio","Female"
"Emanuele Tarantino","Male"
"Emel Filiz-Ozbay","Unknown"
"Emeric Henry","Male"
"Emilia Simeonova","Female"
"Emilio Calvano","Male"
"Emily Oster","Female"
"Emine Boz","Female"
"Emmanuel Farhi","Male"
"Emmanuel Saez","Male"
"Ennio Stacchetti","Male"
"Enrico Moretti","Male"
"Erdogan Bakir","Male"
"Eric Bettinger","Male"
"Eric French","Male"
"Eric Hilt","Male"
"Eric Maskin","Male"
"Eric Sims","Male"
"Eric T. Swanson","Male"
"Erica Field","Female"
"Erica Li","Female"
"Erik Brynjolfsson","Male"
"Erik Hurst","Male"
"Erik Snowberg","Male"
"Erkut Y. Ozbay","Unknown"
"Erlend Berg","Male"
"Ernesto Dal Bo","Male"
"Ernst R. Berndt","Male"
"Ernst Schaumburg","Male"
"Erwan Quintin","Male"
"Espen Moen","Male"
"Esther Duflo","Female"
"Ethan Cohen-Cole","Male"
"Ethan Kaplan","Male"
"Etienne Gagnon","Male"
"F. Gregory Hayden","Male"
"Fabian Dunker","Male"
"Fabian Valencia","Male"
"Fabrizio Mazzonna","Male"
"Fabrizio Perri","Male"
"Fabrizio Zilibotti","Male"
"Fadhel Kaboub","Male"
"Fangming Xu","Male"
"Fangwen Lu","Male"
"Fariha Kamal","Female"
"Farley Grubb","Male"
"Farzad Saidi","Male"
"Fatih Guvenen","Male"
"Fatih Karahan","Male"
"Faustine Perrin","Female"
"Federico Ciliberto","Male"
"Felipe Schwartzman","Male"
"Félix Muñoz-García","Male"
"Fernanda Brollo","Female"
"Fernanda Nechio","Female"
"Fernando Alvarez","Male"
"Filip Matejka","Male"
"Filipe Campante","Male"
"Fiorella De Fiore","Female"
"Florian Heider","Male"
"Florian Scheuer","Male"
"Francesco Bianchi","Male"
"Francesco Franzoni","Male"
"Francesco Ravazzolo","Male"
"Francesco Squintani","Male"
"Francesco Trebbi","Male"
"Francine Lafontaine","Female"
"Francis Longstaff","Male"
"Francis X. Diebold","Male"
"Francisco Buera","Male"
"Francisco Perez-Arce","Male"
"Francois Gourio","Male"
"Frank Schorfheide","Male"
"Frederico Belo","Male"
"Fredrik Andersson","Male"
"Fuhai Hong","Male"
"Futoshi Yamauchi","Male"
"Gabriel Jimenez","Male"
"Gang-Zhi Fan","Male"
"Gara Afonso","Female"
"Garth Heutel","Male"
"Gary Gorton","Male"
"Gary Richardson","Male"
"Gary Solon","Male"
"Gautam Gowrisankaran","Male"
"Gautam Rao","Male"
"Gauti Eggertsson","Male"
"Gayaneh Kyureghian","Female"
"Geert Bekaert","Male"
"George Alessandria","Male"
"George Pennacchi","Male"
"Gerald Auten","Male"
"Gerald Carlino","Male"
"Gergely Ujhelyi","Male"
"Gharad Bryan","Male"
"Giacomo Rodano","Male"
"Gianluca Violante","Male"
"Gianmarco Ottaviano","Male"
"Ginger Zhe Jin","Female"
"Gino Gancia","Male"
"Giorgia Piacentino","Female"
"Giorgio Topa","Male"
"Giovanni Gallipoli","Male"
"Giovanni Peri","Male"
"Giuseppe Ragusa","Male"
"Glenn Loury","Male"
"Gordon H. Hanson","Male"
"Grant Miller","Male"
"Greg Duncan","Male"
"Greg Kaplan","Male"
"Gregor Matvos","Male"
"Gregor W. Smith","Male"
"Gregory Clark","Male"
"Guangzhong Li","Male"
"Guanming Shi","Female"
"Guido Menzio","Male"
"Guilhem Cassan","Male"
"Guillaume Plantin","Male"
"Guillermo Ordonez","Male"
"Guiying (Laura) Wu","Female"
"Gunther Fink","Male"
"Gurnain Kaur Pasricha","Female"
"Gustavo Grullon","Male"
"Gustavo Manso","Male"
"Gustavo Ventura","Male"
"H Allen Klaiber","Male"
"H. Shawn Mobbs","Male"
"Hail Park","Male"
"Haiqiang Chen","Male"
"Haitao Li","Male"
"Hale Utar","Female"
"Hans-Joachim Voth","Male"
"Hanwei Huang","Male"
"Hanzhe Zhang","Male"
"Hao Jiang","Male"
"Hao Zhou","Male"
"Harald Uhlig","Male"
"Harrison Hong","Male"
"Hartmut Lehmann","Male"
"Harvey S. Rosen","Male"
"Hatthachan Phimphanthavong","Male"
"Hayong Yun","Male"
"Heitor Almeida","Male"
"Heiwai Tang","Male"
"Helena Skyt Nielsen","Female"
"Hengjie Ai","Male"
"Henry Pollakowski","Male"
"Henry Siu","Male"
"Hiau Looi Kee","Female"
"Hilde C. Bjornland","Female"
"Hildegunn Kyvik Nordas","Female"
"Hitoshi Tsujiyama","Male"
"Holger Breinlich","Male"
"Hong Liu","Male"
"Hong Ma","Male"
"Hongbin Li","Male"
"Hongyi Li","Male"
"Howard Kung","Male"
"Huainan Zhao","Male"
"Hugh Rockoff","Male"
"Hui Chen","Male"
"Huijing Fu","Female"
"Huijun Wang","Male"
"Huijun Wang","Female"
"Huixin Bi","Female"
"Hulya Eraslan","Female"
"Hunt Allcott","Male"
"Huw Pill","Male"
"Hyun Song Shin","Male"
"Hyungsik Roger Moon","Male"
"Iain M. Cockburn","Male"
"Ian Ayres","Male"
"Ian Schmutte","Male"
"Iciar Dominguez Lacasa","Female"
"Iftekhar Hasan","Male"
"Igor Makarov","Male"
"Ilya Strebulaev","Male"
"Ilyana Kuziemko","Female"
"Imran Rasul","Male"
"Ina Simonovska","Female"
"Indraneel Chakraborty","Male"
"Ines Drumond","Female"
"Ing-Haw Cheng","Male"
"Ingvild Almas","Female"
"Ioanid Rosu","Male"
"Iourii Manovskii","Male"
"Irina Stefanescu","Female"
"Irma Clots-Figueras","Female"
"Isaac Mbiti","Male"
"Isaiah Andrews","Male"
"Itay Goldstein","Male"
"Itzhak Ben-David","Male"
"Ivan P. Png","Male"
"Ivan Shaliastovich","Male"
"Ivan Vidangos","Male"
"Ivan Werning","Male"
"J. Adam Cobb","Male"
"J. Bradley Karl","Male"
"J. David Brown","Male"
"J. David Cummins","Male"
"J. Mark Ramseyer","Male"
"J. Paul Dunne","Male"
"J. Peter Neary","Male"
"J. Ryan Lamare","Male"
"J.Edward Taylor","Male"
"J.M. Ian Salas","Male"
"Jack Favilukis","Male"
"Jacob Shapiro","Male"
"Jae Song","Male"
"Jae W. Sim","Male"
"Jaehoon Lee","Male"
"Jaeseung Kim","Male"
"James D. Hamilton","Male"
"James Feyrer","Male"
"James Harrigan","Male"
"James Hines","Male"
"James J. Choi","Male"
"James J. Heckman","Male"
"James Liang","Male"
"James Markusen","Male"
"James Roberts","Male"
"James X. Sullivan","Male"
"Jan Brueckner","Male"
"Jan-Emmanuel De Neve","Male"
"Janet Currie","Female"
"Jared C. Carbone","Male"
"Jarl Kallberg","Male"
"Jaroslav Borovicka","Male"
"Jason Fletcher","Male"
"Jason Long","Male"
"Javier Bianchi","Male"
"Javier Gardeazabal","Male"
"Javier Miranda","Male"
"Jay Bhattacharya","Male"
"Jay Stewart","Male"
"Jean Lee","Female"
"Jean Tirole","Male"
"Jean-Charles Rochet","Male"
"Jean-Noel Barrot","Male"
"Jee-Yeon K. Lehmann","Female"
"Jeffrey Clemens","Male"
"Jeffrey Grogger","Male"
"Jeffrey Kling","Male"
"Jeffrey Kubik","Male"
"Jeffrey Smith","Male"
"Jennie Bai","Female"
"Jennifer Brown","Female"
"Jennifer Doleac","Female"
"Jennifer Poole","Female"
"Jennifer Ward-Batts","Female"
"Jens Christensen","Male"
"Jens Ludwig","Male"
"Jeremy Tobacman","Male"
"Jesse M. Shapiro","Male"
"Jesse Rothstein","Male"
"Jessica Cohen","Female"
"Jessica Pan","Female"
"Jesus Fernandez-Villaverde","Male"
"Jesus Ferreiro","Male"
"Jesus Gonzalo","Male"
"Jesus Hernandez","Male"
"Jesus Saurina Salas","Male"
"Ji-Liang Shiu","Male"
"Jia Li","Male"
"Jiandong Ju","Male"
"Jianfeng Yu","Male"
"Jianjun Li","Male"
"Jianjun Miao","Male"
"Jiawen Yang","Male"
"Jidong Zhou","Male"
"Jie Sheng Tan Soo","Male"
"Jihong Lee","Male"
"Jin-Tan Liu","Male"
"Jing Cynthia Wu","Female"
"Jing-Zhi Jay Huang","Male"
"Jingnan (Cecilia) Chen","Female"
"Jinqiang Yang","Male"
"Jiri Slacalek","Male"
"Joan Hamory Hicks","Female"
"Joao Gomes","Male"
"Joep Konings","Male"
"Johan Hombert","Male"
"Johan Sulaeman","Male"
"Johan Walden","Male"
"Johannes Schmieder","Male"
"Johannes Spinnewijn","Male"
"John A. List","Male"
"John A. Romley","Male"
"John B. Taylor","Male"
"John Beshears","Male"
"John Bound","Male"
"John C. Williams","Male"
"John Campbell","Male"
"John Graham","Male"
"John Graves","Male"
"John Haltiwanger","Male"
"John Hassler","Male"
"John Jones","Male"
"John Quigley","Male"
"John Rust","Male"
"John Sabelhaus","Male"
"John Van Reenen","Male"
"Jon Bakija","Male"
"Jon Kleinberg","Male"
"Jonathan D. Ostry","Male"
"Jonathan Gruber","Male"
"Jonathan Heathcote","Male"
"Jonathan Kolstad","Male"
"Jonathan Levin","Male"
"Jonathan Meer","Male"
"Jonathan Robinson","Male"
"Jonathan Skinner","Male"
"Jonathan Vogel","Male"
"Jongha Lim","Female"
"Jooyeoun Suh","Female"
"Jorg L. Spenkuch","Male"
"Jorg Rocholl","Male"
"Jorge Silva-Risso","Male"
"Jose Berrospide","Male"
"Jose Cordero","Male"
"Jose Faias","Male"
"Jose N. Martinez","Male"
"Jose Scheinkman","Male"
"Jose-Luis Peydro","Male"
"Jose-Maria Fernandez","Male"
"Jose-Victor Rios-Rull","Male"
"Joseph E. Aldy","Male"
"Joseph Felter","Male"
"Joseph Gyourko","Male"
"Joseph J. Doyle","Male"
"Joseph P. Kaboski","Male"
"Joseph Price","Male"
"Joseph Tracy","Male"
"Joseph Vavra","Male"
"Joshua Aizenman","Male"
"Joshua D. Gottlieb","Male"
"Joshua Gans","Male"
"Joshua Lerner","Male"
"Joshua Rauh","Male"
"Juan Carlos Suarez Serrato","Male"
"Juan Pantano","Male"
"Juan Rubio-Ramirez","Male"
"Juanjuan Zhang","Female"
"Judit Montoriol-Garriga","Female"
"Judith K. Hellerstein","Female"
"Julia Henly","Female"
"Julia I. Lane","Female"
"Julia K. Thomas","Female"
"Julian Di Giovanni","Male"
"Julie Agnew","Female"
"Jun Yang","Female"
"Jun-Koo Kang","Male"
"Junsang Lee","Male"
"Junwook Chi","Male"
"Justin Caron","Male"
"Justin Sydnor","Male"
"Justin Wolfers","Male"
"K.J. Martijn Cremers","Male"
"Kai Li","Male"
"Kaiji Chen","Male"
"Kailing Shen","Female"
"Kalena Cortes","Female"
"Kalina Manova","Female"
"Karam Kang","Female"
"Karen Clay","Female"
"Karen Dynan","Female"
"Karen Lewis","Female"
"Karen Thome","Female"
"Karthik Muralidharan","Male"
"Kartik Athreya","Male"
"Kartika Bhatia","Female"
"Kate Bundorf","Female"
"Katherine L. Milkman","Female"
"Katheryn N. Russ","Female"
"Kathryn Shaw","Female"
"Kathy Baylis","Female"
"Katie Fitzpatrick","Female"
"Katja Seim","Female"
"Katrina Jessoe","Female"
"Katrine Loken","Female"
"Kaustav Misra","Male"
"Keirjiro Otsuka","Male"
"Keith Finlay","Male"
"Keith Kuester","Male"
"Keith Marzilli Ericson","Male"
"Kelly Ragan","Female"
"Kelly Shue","Female"
"Kelsey Jack","Female"
"Kelsey Wei","Female"
"Kenneth A. Small","Male"
"Kenneth Chay","Male"
"Kenneth Flamm","Male"
"Kenneth Rogoff","Male"
"Kenneth Singleton","Male"
"Kenza Benhima","Female"
"Kerem Cosar","Male"
"Kerwin Charles","Male"
"Kevin Murphy","Male"
"Kevin Schnepel","Male"
"Keyu Jin","Female"
"Kiat Ying Seah","Female"
"Kingsley Fong","Male"
"Kiplan Womack","Male"
"Koichiro Ito","Male"
"Kosali I. Simon","Female"
"Kosali Simon","Female"
"Kose John","Male"
"Kris Mitchener","Male"
"Kristin Forbes","Female"
"Kristopher Gerardi","Male"
"Kunfu Zhu","Male"
"Kuo-Chiang Wei","Male"
"Kurt Mitman","Male"
"Kyle Handley","Male"
"Kyuil Chung","Male"
"Lakshmi Iyer","Female"
"Larry Epstein","Male"
"Lars Peter Hansen","Male"
"Latika Chaudhary","Female"
"Laura Alfaro","Female"
"Laura Kawano","Female"
"Laura Liu","Female"
"Laura Turner","Female"
"Laura Veldkamp","Female"
"Lawrence Katz","Male"
"Leandro Carvalho","Male"
"Lee Lockwood","Male"
"Leeat Yariv","Female"
"Leena Rudanko","Female"
"Lei Zhang","Male"
"Leila Agha","Female"
"Lemma W. Senbet","Male"
"Leonard Greenhalgh","Male"
"Leonard Kostovetsky","Male"
"Leonce Bargeron","Male"
"Leonce Ndikumana","Male"
"Leonid Kogan","Male"
"Levon Barseghyan","Male"
"Lewis Sandy","Male"
"Li Gan","Male"
"Liangshu Qi","Female"
"Lígia Pinto","Female"
"Lily Fang","Female"
"Linda Carter","Female"
"Linke Zhu","Male"
"Liran Einav","Male"
"Lisa Kahn","Female"
"Lisa Sanbonmatsu","Female"
"Liugang Sheng","Male"
"Lorens Helmchen","Male"
"Lorenz Kueng","Male"
"Loriana Pelizzon","Female"
"Loriano Mancini","Male"
"Loukas Karabarbounis","Male"
"Lu Han","Female"
"Lu Zhang","Male"
"Luc Behaghel","Unknown"
"Luca Benati","Male"
"Lucas Davis","Male"
"Lucia Foster","Female"
"Lucija Muehlenbachs","Female"
"Lucio Sarno","Male"
"Lucjan Orlowski","Male"
"Lucrezia Reichlin","Female"
"Ludger Schuknecht","Male"
"Ludger Woessmann","Male"
"Luigi Zingales","Male"
"Luis Araujo","Male"
"Luis Brandao Marques","Male"
"Luis Cabral","Male"
"Luis Castro","Male"
"Luis Locay","Male"
"Luis Rubalcava","Male"
"Luis Von Ahn","Male"
"Lujing Su","Female"
"Lukas Schmid","Male"
"Lukasz Drozd","Male"
"Lutz Kilian","Male"
"M Dolores Collado","Female"
"M. Kate Bundorf","Female"
"M. Shahe Emran","Male"
"M.J. Tocci","Female"
"Madhuparna Kolay","Female"
"Magne Mogstad","Male"
"Magnus Johannesson","Male"
"Maik Schmeling","Male"
"Maitreesh Ghatak","Male"
"Makoto Nakajima","Male"
"Malherbe Frederic","Male"
"Malokele Nanivazo","Female"
"Manisha Shah","Female"
"Manju Puri","Female"
"Manjula Ramachandra","Female"
"Manuel Bagues","Male"
"Mao Ye","Male"
"Marc Muendler","Male"
"Marcel Fafchamps","Male"
"Marcel Fratzscher","Male"
"Marcin Kacperczyk","Male"
"Márcio Garcia","Male"
"Marco Bonomo","Male"
"Marco Ottaviani","Male"
"Marco Pagano","Male"
"Marcos Chamon","Male"
"Marcus Hagedorn","Male"
"Margarita Tsoutsoura","Female"
"Maria Fitzpatrick","Female"
"Maria Guadalupe","Female"
"Maria Luengo-Prado","Female"
"Maria Petrova","Female"
"Marianna Kudlyak","Female"
"Marianne Bertrand","Female"
"Marianne Simonsen","Female"
"Marianne Wanamaker","Female"
"Mariano Croce","Male"
"Marick Masters","Male"
"Marika Cabral","Female"
"Marina Agranov","Female"
"Marina Azzimonti","Female"
"Marinella Leone","Female"
"Mark Aguiar","Male"
"Mark Bils","Male"
"Mark Cullen","Male"
"Mark Duggan","Male"
"Mark J. Kutzbach","Male"
"Mark Jacobsen","Male"
"Mark Leary","Male"
"Markku Kaustia","Male"
"Markus K. Brunnermeier","Male"
"Markus Poschke","Male"
"Marta Lachowska","Female"
"Martha Bailey","Female"
"Marti Subrahmanyam","Female"
"Martin Baily","Male"
"Martin Brown","Male"
"Martin Feldstein","Male"
"Martin Gaynor","Male"
"Martin Karlsson","Male"
"Martin Lettau","Male"
"Martin Oehmke","Male"
"Martin Schmalz","Male"
"Martin Schneider","Male"
"Martin Sommer","Male"
"Mary Amiti","Female"
"Maryam Saeedi","Female"
"Masaharu Kuhara","Male"
"Massimiliano Caporin","Male"
"Massimo Guidolin","Male"
"Massimo Massa","Male"
"Mathijs van der Loos","Male"
"Matias Damian Cattaneo","Male"
"Matias Laryczower","Male"
"Matteo Cervellati","Male"
"Matteo Maggiori","Male"
"Matteusz Filipski","Male"
"Matthew C. Weinzierl","Male"
"Matthew Elliott","Male"
"Matthew Freedman","Male"
"Matthew Gentzkow","Male"
"Matthew Harding","Male"
"Matthew J. Notowidigdo","Male"
"Matthew Kahn","Male"
"Matthew Kotchen","Male"
"Matthew Rhodes-Kropf","Male"
"Matthew Shapiro","Male"
"Matthew Shum","Male"
"Matthias Doepke","Male"
"Matthias Kahl","Male"
"Maury Gittleman","Male"
"Maxim Mironov","Male"
"Maya Rossin-Slater","Female"
"Mechthild Schrooten","Female"
"Meghan Busse","Female"
"Mengying Wang","Female"
"Merih Sevilir","Female"
"Meta Brown","Female"
"Mevlude Akbulut-Yuksel","Female"
"Michael Anderson","Male"
"Michael Bradley","Male"
"Michael Carter","Male"
"Michael Clemens","Male"
"Michael D. Smith","Male"
"Michael Darden","Male"
"Michael E. Waugh","Male"
"Michael Ewens","Male"
"Michael Faulkender","Male"
"Michael Greenstone","Male"
"Michael Grossman","Male"
"Michael Jansson","Male"
"Michael Kremer","Male"
"Michael Kumhof","Male"
"Michael Lovenheim","Male"
"Michael Michaux","Male"
"Michael Peters","Male"
"Michael Price","Male"
"Michael R. Moore","Male"
"Michael R. Roberts","Male"
"Michael Weber","Male"
"Michael Weisbach","Male"
"Michael Woodford","Male"
"Michele Lenza","Female"
"Michele Tertilt","Female"
"Migiwa Tanaka","Female"
"Miguel Ferreira","Male"
"Miguel I. Gomez","Male"
"Miguel Urquiola","Male"
"Mihye Lee","Female"
"Mikhail Golosov","Male"
"Milagro Saborio-Rodriguez","Female"
"Miles Kimball","Male"
"Minchung Hsu","Male"
"Mingming Zhou","Male"
"Mingwei Liu","Male"
"Mirabel Muuls","Female"
"Misuru Igami","Male"
"Mo Xiao","Female"
"Mohamed Saleh","Male"
"Monica Deza","Female"
"Monica Garcia Perez","Female"
"Monica Garcia-Pere","Female"
"Monica Singhal","Female"
"Monika Mrazova","Female"
"Morris Kleiner","Male"
"Mufaddal Baxamusa","Male"
"Mungo Ivor Wilson","Female"
"Mungo Ivor Wilson","Male"
"Murat Iyigun","Male"
"Muriel Niederle","Female"
"Mushfiq Mobarak","Male"
"Mutlu Yuksel","Male"
"Mwangi wa Githinji","Male"
"Mwanza Nkusu","Female"
"Myeong-Su Yun","Male"
"Mywish Maredia","Female"
"Namrata Kala","Female"
"Nan Li","Female"
"Nancy L. Rose","Female"
"Nancy Qian","Female"
"Nancy Wallace","Female"
"Naohisa Hirakata","Male"
"Natalia Ramondo","Female"
"Nathan Nunn","Male"
"Nava Ashraf","Female"
"Nazaire Houssou","Male"
"Neale Mahoney","Male"
"Ned Augenblick","Male"
"Neel Sundaresan","Male"
"Neeltje van Horen","Female"
"Neeraj Sood","Male"
"Neng Wang","Male"
"Nezahat Kucuk","Female"
"Nezih Guner","Male"
"Ngo Van Long","Male"
"Nicholas Barberis","Male"
"Nicholas Ryan","Male"
"Nicholas Turner","Male"
"Nichole Szembrot","Female"
"Nico Voigtlaender","Male"
"Nicola Fuchs-Schuendeln","Female"
"Nicola Gennaioli","Male"
"Nicola Lacetera","Male"
"Nicolai V. Kuminoff","Male"
"Nicolás M. Depetris Chauvin","Male"
"Nicolas R. Ziebarth","Male"
"Nicolas Schutz","Male"
"Nicolas Serrano-Velarde","Male"
"Nicolas-Guillaume Martineau","Male"
"Nidhiya Menon","Female"
"Nidhiya Menon","Male"
"Nikolai Roussanov","Male"
"Nikolaos Artavanis","Male"
"Nils Kok","Male"
"Ningzhong Li","Male"
"Nir Jaimovich","Male"
"Nisvan Erkal","Female"
"Niven Winchester","Male"
"Noah Stoffman","Male"
"Norihiko Yamano","Male"
"Nour Meddahi","Male"
"Nuno Fernandes","Male"
"Oded Galor","Male"
"Oguzhan Ozbas","Male"
"Oleg Itskhoki","Male"
"Olga Rostapshova","Female"
"Olivia S. Mitchell","Female"
"Olivier Blanchard","Male"
"Olivier Coibion","Male"
"Olympio Barbanti, Jr","Male"
"Oreste Tristani","Male"
"Ori Heffetz","Male"
"Oriana Bandiera","Female"
"Orsetta Causa","Female"
"Ostap Okhrin","Male"
"Ozgur Ince","Male"
"Özgür Orhangazi","Male"
"Ozkan Eren","Male"
"Paavo Monkkonen","Male"
"Pabla Guerron","Male"
"Pablo Guerron-Quintana","Male"
"Paco Martorell","Male"
"Pai XU","Male"
"Paola Conconi","Female"
"Paolo Pasquariello","Male"
"Paolo Pinotti","Male"
"Paolo Volpin","Male"
"Parashar Kulkarni","Male"
"Pascaline Dupas","Female"
"Pat Akey","Male"
"Patricia Born","Female"
"Patricia Cortes","Female"
"Patricia Justino","Female"
"Patricia Ruggles","Female"
"Patricia Toledo","Female"
"Patricia Yanez-Pagans","Female"
"Patrick Johnston","Male"
"Patrick Kline","Male"
"Patrik Guggenberger","Male"
"Patten Mahler","Male"
"Paul Beaudry","Male"
"Paul Carrillo","Male"
"Paul Gertler","Male"
"Paul Niehaus","Male"
"Paul Rhode","Male"
"Paul Romer","Male"
"Paul S. Willen","Male"
"Paulina Oliva","Female"
"Pauline Grosjean","Female"
"Pavel Savor","Male"
"Payal Shah","Female"
"Pedro Bordalo","Male"
"Pedro Dal Bo","Male"
"Peichu Xie","Male"
"Pengfei Wang","Male"
"Pengjie Gao","Male"
"Per Krusell","Male"
"Peter Christoffersen","Male"
"Peter Hinrichs","Male"
"Peter Klenow","Male"
"Peter Kondor","Male"
"Peter Kuhn","Male"
"Peter L. Rousseau","Male"
"Petra Moser","Female"
"Phanindra V. Wunnava","Male"
"Philip Armour","Male"
"Philip Oreopoulos","Male"
"Philipp Koellinger","Male"
"Philippe Aghion","Male"
"Philippe Bacchetta","Male"
"Philippe Mueller","Male"
"Pierluigi Balduzzi","Male"
"Pierpaolo Battigalli","Male"
"Pierpaolo Benigno","Male"
"Pierre Collin-Dufresne","Male"
"Pierre-Olivier Weill","Male"
"Piet Eichholtz","Male"
"Pinar Karaca-Mandic","Female"
"Pingkang Yu","Male"
"Platon Tinios","Male"
"Prasanna Tambe","Male"
"Price Fishback","Male"
"Pushkar Maitra","Male"
"Qianqiu Liu","Male"
"Qiming Wang","Male"
"Qingyuan Du","Male"
"Qiuqiong Huang","Female"
"Quamrul Ashraf","Male"
"Quoc Nguyen","Male"
"R. Glenn Hubbard","Male"
"Rabih Moussawi","Male"
"Rachel Glennerster","Female"
"Rachel Soloveichik","Female"
"Radomir Todorov","Male"
"Raffaella Giacomini","Female"
"Raffaella Sadun","Female"
"Rajashri Chakrabarti","Female"
"Rajkamal Iyer","Male"
"Ralf Martin","Male"
"Ralf Meisenzahl","Male"
"Ramaa Vasudevan","Female"
"Ran Duchin","Male"
"Ranadeb Chaudhuri","Male"
"Randall Lewis","Male"
"Randall Walsh","Male"
"Randall Wright","Male"
"Raoul Minetti","Male"
"Raphael Schoenle","Male"
"Raul Caruso","Male"
"Rawley Heimer","Male"
"Raymond Fisman","Male"
"Raymond Guiteras","Male"
"Rebecca Henderson","Female"
"Rebecca Thornton","Female"
"Reed Walker","Male"
"Reena Aggarwal","Female"
"Rema Hanna","Female"
"Rémi Jedwab","Male"
"Remzi Kaygusuz","Male"
"Renos Vakis","Male"
"Ricardo Reis","Male"
"Ricardo Serrano-Padial","Male"
"Riccardo Colacito","Male"
"Richard Akresh","Male"
"Richard Blundell","Male"
"Richard Freeman","Male"
"Richard Green","Male"
"Richard H. Steckel","Male"
"Richard Kneller","Male"
"Richard Newell","Male"
"Richard Stanton","Male"
"Rikhil Bhavnani","Male"
"Risto Herrala","Male"
"Robert Dekle","Male"
"Robert Fairlie","Male"
"Robert Gibbons","Male"
"Robert Goldstein","Male"
"Robert Hall","Male"
"Robert Inman","Male"
"Robert J. Vigfusson","Male"
"Robert Johnson","Male"
"Robert Kaestner","Male"
"Robert Topel","Male"
"Robert Town","Male"
"Roberto Rigobon","Male"
"Robin Burgess","Male"
"Rodgrio Pinto","Male"
"Roger Feldman","Male"
"Roger Gordon","Male"
"Rohini Pande","Female"
"Roland Benabou","Male"
"Roland Straub","Male"
"Rolland Zullo","Male"
"Romain Ranciere","Male"
"Ron Alquist","Male"
"Ron Jarmin","Male"
"Ronald Masulis","Male"
"Roni Michaely","Male"
"Rossen Valkanov","Male"
"Rowena Gray","Female"
"Ruben Durante","Male"
"Ruben Enikolopov","Male"
"Ruben Hernandez-Murillo","Male"
"Rucker Johnson","Male"
"Rudolfs Bems","Male"
"Ruediger Bachmann","Male"
"Ruiqing Miao","Male"
"Rukmani Gounder","Female"
"Rulof Burger","Male"
"Ryan Sullivan","Male"
"S. Boragan Aruoba","Male"
"S. Viswanathan","Male"
"Sai-Ming Li","Male"
"Sally Sadoff","Female"
"Sandip Sukhtankar","Male"
"Sanghoon Lee","Male"
"Sanjai Bhagat","Male"
"Sanjiv Das","Male"
"Sanjukta Chaudhuri","Male"
"Sanjukta Chaudhuri","Female"
"Santosh Anagol","Male"
"Sarah Baird","Female"
"Sarah Lein","Female"
"Sarah Miller","Female"
"Sarah Reber","Female"
"Sarah Zubairy","Female"
"Sari Pekkala Kerr","Female"
"Sascha Steffen","Male"
"Saumitra Jha","Male"
"Scott Carrell","Male"
"Scott Duke Kominers","Male"
"Scott Joslin","Male"
"Scott R. Baker","Male"
"Sebastian Dyrda","Male"
"Sebastian Galiani","Male"
"Sebastian Petrick","Male"
"Sébastien Houde","Male"
"Sebnem Kalemli-Ozcan","Female"
"Seema Jayachandran","Female"
"Selim Gulesci","Male"
"Selver Derya Uysal","Female"
"Semoon Chang","Male"
"Seppo Ikaheimo","Male"
"Serdar Ozkan","Male"
"Serena Ng","Female"
"Sergei Guriev","Male"
"Serguey Braguinsky","Male"
"Seth Pruitt","Male"
"Seth Richards-Shubik","Male"
"Shachar Kariv","Male"
"Shage Zhang","Female"
"Shahe Emran","Male"
"Shailender Swaminathan","Male"
"Shang-Jin Wei","Male"
"Sharon Kozicki","Female"
"Sharun Mukand","Male"
"Shawkat Hammoudeh","Male"
"Sheheryar Banuri","Male"
"Sheridan Titman","Female"
"Shihe Fu","Male"
"Shin-Yi Chou","Female"
"Shisong Qing","Male"
"Shivaram Rajgopal","Male"
"Shu-Chun Susan Yang","Female"
"Shuang Zhang","Female"
"Shutao Cao","Male"
"Shuyang Sheng","Male"
"Shuyang Sheng","Female"
"Shyamal Chowdhury","Male"
"Sile Padraigin O'Dorchai","Female"
"Silvia Goncalves","Female"
"Silvia Prina","Female"
"Simi Kedia","Female"
"Simon Board","Male"
"Simon Burke","Male"
"Simon Gilchrist","Male"
"Simon Mohun","Male"
"Simon Peter Anderson","Male"
"Simon Wren-Lewis","Male"
"Sinan Aral","Male"
"Sjoerd van Bekkum","Male"
"Soenke Sievers","Male"
"Soohyung Lee","Female"
"Sophocles Mavroeidis","Male"
"Stanley E. Zin","Male"
"Stefan Bender","Male"
"Stefan Hoderlein","Male"
"Stephan Dieckmann","Male"
"Stephan Litschig","Male"
"Stephan Siegel","Male"
"Stephanie Stantcheva","Female"
"Stephen Brown","Male"
"Stephen Oliner","Male"
"Stephen Redding","Male"
"Stephen Ryan","Male"
"Stephen T. Parente","Male"
"Steven D. Levitt","Male"
"Steven J. Davis","Male"
"Steven Kaplan","Male"
"Steven L. Puller","Male"
"Steven Ongena","Male"
"Stijn Claessens","Male"
"Stijn Van Nieuwerburgh","Male"
"Stuart Gabriel","Male"
"Stuart Rosenthal","Male"
"Subha Mani","Female"
"Subhrendu K. Pattanayak","Male"
"Subramaniam Ramanarayanan","Male"
"Sucharita Sinha Mukherjee","Female"
"Suchirtra J. Yegnanarayan","Female"
"Suehyun Kwon","Female"
"Sugata Ray","Male"
"Suhua Tian","Female"
"Sumit Agarwal","Male"
"Sun Ling Wang","Female"
"Sung-Jin Cho","Male"
"Susan Athey","Female"
"Susan Yeh","Female"
"Sushanta Mallick","Male"
"Sushanta Mallick","Female"
"Swasti Gupta-Mukherjee","Female"
"Swati Dhingra","Female"
"Sydney Ludvigson","Female"
"Syngjoo Choi","Male"
"Tae-hwan Rhee","Male"
"Taekyoon Lim","Male"
"Taeree Wang","Female"
"Takatoshi Tabuchi","Male"
"Tal Gross","Male"
"Tania Barham","Female"
"Tanjim Hossain","Male"
"Tanya Rosenblatt","Female"
"Tarun Ramadorai","Male"
"Tatsuro Senga","Male"
"Tatyana Deryugina","Female"
"Tavneet Suri","Female"
"TengTeng Xu","Female"
"Terry L. Anderson","Male"
"Tetsuji Okazaki","Male"
"Theresa Kuchler","Female"
"Thesia I. Garner","Female"
"Thibault Fally","Male"
"Thien Tung Nguyen","Male"
"Thierry Verdier","Male"
"Thomas J. Holmes","Male"
"Thomas Kostka","Male"
"Thomas Lubik","Male"
"Thomas Palfrey","Male"
"Thouraya Triki","Female"
"Till Von Wachter","Male"
"Tilman Bruck","Male"
"Tim Schmidt-Eisenlohr","Male"
"Timothy Besley","Male"
"Tingyu Zhou","Female"
"Tobias Adrian","Male"
"Tobias Berg","Male"
"Todd B. Walker","Male"
"Todd Gormley","Male"
"Todd Neumann","Male"
"Todd Stinebrickner","Male"
"Tom Kirchmaier","Male"
"Tomas Dvorak","Male"
"Tomas Philipson","Male"
"Tore Leite","Male"
"Tuan-Hwee Sng","Male"
"Tyler Muir","Male"
"Tyler Shumway","Male"
"Tzuo Hann Law","Male"
"Tzuting Lin","Female"
"Uday Rajan","Male"
"Ugo Troiano","Male"
"Ulrich J. Wagner","Male"
"Ulrike Malmendier","Female"
"Umit Gurun","Male"
"University of Dubai","??"
"Uri Gneezy","Male"
"Uwe Sunde","Male"
"V. Bhaskar","Male"
"V. Joseph Hotz","Male"
"Vadym Volosovych","Male"
"Vahap Uysal","Male"
"Valentina Bruno","Female"
"Valerie A. Ramey","Female"
"Vasco Curdia","Male"
"Vasia Panousi","Unknown"
"Veronica Rappoport","Female"
"Veronica Santarosa","Female"
"Victor Aguirregabiria","Male"
"Victor Chernozhukov","Male"
"Victor Martinez","Male"
"Vijayendra Rao","Male"
"Vikram Maheshri","Male"
"Vikramaditya Khanna","Male"
"Viktor Todorov","Male"
"Vincenzo Quadrini","Male"
"Viral V. Acharya","Male"
"Virgiliu Midrigan","Male"
"Viridiana Garcia","Female"
"Vito Gala","Male"
"Vivian Yue","Female"
"Volker Nocke","Male"
"Volker Wieland","Male"
"Volodymyr Lugovskyy","Male"
"W. Kip Viscusi","Male"
"Warren Hrung","Male"
"Wehn-Jyuan Tsai","Female"
"Wei Huang","Male"
"Wei Jiang","Female"
"Wei Xiong","Male"
"Weining Wang","Female"
"Wen-Chi Liao","Male"
"Wen-Chi Liao","Female"
"Wen-Tai Hsu","Male"
"Wendy Edelberg","Female"
"Wenrui Zhang","Male"
"Wenxi Jiang","Male"
"Wenyi Shen","Female"
"Wenyu Wang","Male"
"Wesley Yin","Male"
"Western Michigan University","??"
"Whitney K. Newey","Male"
"William Brock","Male"
"William Collins","Male"
"William Jack","Male"
"William R. Kerr","Male"
"William Strange","Male"
"William Wheaton","Male"
"Wojciech Kopczuk","Male"
"Wolfram Schlenker","Male"
"Wooyoung Lim","Male"
"Wu-kuang Cun","Male"
"Xavier Gabaix","Male"
"Xavier Gine","Male"
"Xi Chen","Male"
"Xiao-Yuan Dong","Female"
"Xiaobo Zhang","Male"
"Xiaodong Zhu","Male"
"Xiaofei Zhao","Male"
"Xiaoguang Chen","Male"
"Xiaohu Wang","Male"
"Xiaoji Lin","Male"
"Xiaoxia Lou","Female"
"Xiaoxia Shi","Female"
"Xiaoxin Zhang","Male"
"Xiaoyu Huang","Male"
"Xingliang Ma","Male"
"Xinshen Diao","Female"
"Xiumin Martin","Female"
"Xu Cheng","Female"
"Xudong An","Male"
"Yacine Ait-Sahalia","Male"
"Yanchun Zhang","Male"
"Yangru Wu","Male"
"Yanhui Wu","Male"
"Yaniv Grinstein","Male"
"Yao Lu","Female"
"Yaohui Zhao","Female"
"Yeon-Koo Che","Male"
"Yigitcan Karabulut","Male"
"Yihui Pan","Female"
"Yildiray Yildirim","Male"
"Yin-Chi Wang","Male"
"Yingcong Lan","Female"
"Yingyao Hu","Male"
"Yixiao Sun","Male"
"Yongheng Deng","Male"
"Yongmiao Hong","Male"
"Yongmin Chen","Male"
"Yongseok Shin","Male"
"Yongxiang Wang","Male"
"Yoram Halevy","Male"
"Yu-Ning Hwang","Female"
"Yu-Wei Hsieh","Male"
"Yuchiro Kawaguchi","Male"
"Yuehua Tang","Male"
"Yuet-Yee Linda Wong","Female"
"Yuliy Sannikov","Male"
"Yuliya Demyanyk","Female"
"Yuriy Gorodnichenko","Male"
"Yuting Zhang","Female"
"Yuto Iwasaki","Male"
"Yuxiu Zhang","Female"
"Yves Zenou","Male"
"Zackary Hawley","Male"
"Zengyuan Sun","Male"
"Zhaohui Chen","Male"
"Zheng Sun","Female"
"zhengtong Lu","Male"
"Zhentao Shi","Male"
"Zhi Da","Male"
"Zhi Wang","Male"
"Zhichuan Li","Male"
"Zhichun Jenny Ying","Female"
"Zhiguo He","Male"
"Zhihong Yu","Male"
"Zhiliang Li","Male"
"Zhongjun Qu","Male"
"Zhongyi Wang","Female"
"Zhun Zhao","Male"
"Zinovyeva Natalia","Female"
"Zoran Ivkovich","Male"
"Zorina Khan","Female"
